Iowa DOT Case Number,Law Enforcement Case Number,Date of Crash,Month of Crash,Day of Week,Time of Crash,Hour,DOT District,City Name,County Name,Route with System,Location Description,First Harmful Event,Location of First Harmful Event,Manner of Crash/Collision,Major Cause,Drug or Alcohol ,Environmental Conditions,Light Conditions,Surface Conditions,Weather Conditions,Roadway Contribution,Roadway Type,Roadway Surface,Work Zone,Crash Severity,Number of Fatalities,Number of Injuries,Number of Major Injuries,Number of Minor Injuries,Number of Possible Injuries,Number of Unknown Injuries,Amount of Property Damage,Number of Vehicles Involved,Total Number of Occupants,Travel Direction,Location
2014832196,14-43304,12/07/2014,12-December,1-Sunday,03:30,0300 Hours,District 5 (Southeast),BURLINGTON,DES MOINES,,REGINA DR & MONARCH DR,Collision with:  Vehicle in traffic,On Roadway,Rear-end (front to rear),Ran off road - right,None Indicated,,Dark - roadway not lighted,Dry,Clear,None apparent,Non-intersection:  Non-junction/no special feature,Paved,,Property Damage Only,0,0,0,0,0,0,12000,2,1,,POINT (-91.133541923217 40.805768748184)
2014832664,14-2728,12/07/2014,12-December,1-Sunday,17:27,1700 Hours,District 1 (Central),URBANDALE,POLK,US 6,US 6/HICKMAN RD,Collision with:  Vehicle in traffic,On Roadway,Broadside (front to side),Ran Traffic Signal,None Indicated,,Dark - roadway lighted,Wet,Rain,None apparent,Intersection:  Four-way intersection,Paved,,Property Damage Only,0,0,0,0,0,0,11000,3,5,,POINT (-93.782976432828 41.614886683636)
2014833379,K14-037270,12/07/2014,12-December,1-Sunday,00:55,0000 Hours,District 5 (Southeast),KEOKUK,LEE,,CONCERT ST,Collision with:  Parked motor vehicle,Roadside,Rear-end (front to rear),Unknown,None Indicated,,Dark - roadway lighted,Dry,Clear,None apparent,Non-intersection:  Non-junction/no special feature,Paved,,Property Damage Only,0,0,0,0,0,0,3000,3,1,,POINT (-91.389304754323 40.404835603558)
2014832239,14-39987,12/07/2014,12-December,1-Sunday,03:12,0300 Hours,District 3 (Northwest),SIOUX CITY,WOODBURY,,3RD ST & PIERCE ST,Collision with:  Vehicle in traffic,On Roadway,Broadside (front to side),Ran Traffic Signal,Refused,,Dark - roadway lighted,Dry,Cloudy,None apparent,Intersection:  Other intersection (explain in narrative),Paved,,Possible/Unknown,0,2,0,0,1,1,7500,2,3,,POINT (-96.40493880577 42.493111186476)
2014833535,14017709,12/07/2014,12-December,1-Sunday,01:12,0100 Hours,District 2 (Northeast),,FAYETTE,,220TH ST,Collision with fixed object:  Ditch,On Roadway,Non-collision (single vehicle),Swerving/Evasive Action,None Indicated,,Dark - roadway not lighted,Dry,Cloudy,Ruts/holes/bumps,Non-intersection:  Non-junction/no special feature,Unpaved,,Property Damage Only,0,0,0,0,0,0,4000,1,1,,POINT (-91.945428992215 42.950262385719)
2014832084,14-8048,12/07/2014,12-December,1-Sunday,18:30,1800 Hours,District 1 (Central),,POLK,IA 415,IA 415/NW 35TH ST,Collision with:  Animal,,,Animal,None Indicated,,,,,,,Paved,,Property Damage Only,0,0,0,0,0,0,1500,1,1,,POINT (-93.663052968618 41.712611642754)
2014832449,134-14,12/07/2014,12-December,1-Sunday,12:39,1200 Hours,District 4 (Southwest),,MADISON,,105TH ST,Non-collision events:  Overturn/rollover,On Roadway,Non-collision (single vehicle),Ran off road - left,None Indicated,,Daylight,"Mud, dirt",Cloudy,None apparent,Non-intersection:  Non-junction/no special feature,Unpaved,,Possible/Unknown,0,1,0,0,1,0,5000,1,1,,POINT (-94.033054858709 41.492611258296)
2014833017,14-005756,12/07/2014,12-December,1-Sunday,16:25,1600 Hours,District 1 (Central),AMES,STORY,,24TH ST,Collision with:  Vehicle in traffic,On Roadway,"Angle, oncoming left turn",FTYROW:  Making left turn,None Indicated,,Daylight,Dry,Cloudy,None apparent,Non-intersection:  Driveway access (within),Paved,,Property Damage Only,0,0,0,0,0,0,1800,2,2,,POINT (-93.622618603505 42.045684088225)
2014832807,SA1410325,12/07/2014,12-December,1-Sunday,20:40,2000 Hours,District 5 (Southeast),,WASHINGTON,,GINKGO AVE,Collision with fixed object:  Bridge overhead structure,On Roadway,Non-collision (single vehicle),Driving too fast for conditions,Refused,,Dark - roadway not lighted,Dry,Rain,None apparent,Non-intersection:  Other non-intersection (explain in narrative),Unpaved,,Property Damage Only,0,0,0,0,0,0,7500,1,1,,POINT (-91.830151646006 41.264215444846)
2014832184,14-018384,12/07/2014,12-December,1-Sunday,15:41,1500 Hours,District 3 (Northwest),SPENCER,CLAY,US 18,US 18/N GRAND AVE & W PARK ST & E PARK ST,Collision with:  Vehicle in traffic,On Roadway,"Angle, oncoming left turn",FTYROW:  Making left turn,None Indicated,,Dusk,Wet,Cloudy,None apparent,Intersection:  Four-way intersection,Paved,,Property Damage Only,0,0,0,0,0,0,4000,2,3,,POINT (-95.144445335937 43.137731869355)
2014832790,14021224,12/07/2014,12-December,1-Sunday,20:20,2000 Hours,District 2 (Northeast),MASON CITY,CERRO GORDO,US 65,US 65/N DELAWARE AVE & 2ND ST NE,Collision with:  Vehicle in traffic,On Roadway,"Sideswipe, same direction",Driving too fast for conditions,None Indicated,,Dark - roadway lighted,Wet,Cloudy,"Surface condition (e.g., wet, icy)",Intersection:  Four-way intersection,Paved,,Possible/Unknown,0,1,0,0,0,1,8000,2,2,,POINT (-93.19942186029 43.153605910644)
2014832432,,12/07/2014,12-December,1-Sunday,17:49,1700 Hours,District 5 (Southeast),,LUCAS,US 34,US 34,Collision with:  Animal,On Roadway,Non-collision (single vehicle),Animal,None Indicated,,Dark - roadway not lighted,Dry,Clear,None apparent,Non-intersection:  Non-junction/no special feature,Paved,,Property Damage Only,0,0,0,0,0,0,4000,1,1,,POINT (-93.193351657061 41.000711087671)
2014832581,120714-070,12/07/2014,12-December,1-Sunday,13:06,1300 Hours,District 3 (Northwest),STORM LAKE,BUENA VISTA,,W 7TH ST & MICHIGAN ST,Collision with fixed object:  Other fixed object (explain in narrative),Outside trafficway,Non-collision (single vehicle),Ran off road - straight,None Indicated,,Daylight,Dry,Cloudy,None apparent,Non-intersection:  Non-junction/no special feature,Paved,,Property Damage Only,0,0,0,0,0,0,3500,1,1,,POINT (-95.202004275318 42.646824105858)
2014833795,2014004514,12/08/2014,12-December,2-Monday,04:57,0400 Hours,District 6 (East Central),,LINN,US 30,US 30 & CEDAR RIVER RD,Collision with:  Animal,,,Animal,None Indicated,,,,,,,Paved,,Property Damage Only,0,0,0,0,0,0,3000,1,1,,POINT (-91.481713860933 41.917878332739)
2014832171,14-002771,12/08/2014,12-December,2-Monday,12:00,1200 Hours,District 1 (Central),ALTOONA,POLK,I-80,I-80 & US 6/FREDERICK M HUBBELL AVE,Collision with:  Vehicle in traffic,On Roadway,Rear-end (front to rear),Followed too close,None Indicated,,Daylight,Dry,Cloudy,None apparent,Interchange-related:  Off-ramp,Paved,,Possible/Unknown,0,1,0,0,1,0,12000,2,2,,POINT (-93.495987622919 41.660798536943)
2014832967,14-40096,12/08/2014,12-December,2-Monday,11:29,1100 Hours,District 3 (Northwest),SIOUX CITY,WOODBURY,,4TH ST & PIERCE ST,Collision with:  Vehicle in traffic,On Roadway,"Sideswipe, same direction",FTYROW:  Other (explain in narrative),None Indicated,,Daylight,Dry,Clear,None apparent,Intersection:  Four-way intersection,Paved,,Property Damage Only,0,0,0,0,0,0,1500,2,2,,POINT (-96.40492206544 42.494147199329)
2014832989,,12/08/2014,12-December,2-Monday,16:56,1600 Hours,District 3 (Northwest),,POCAHONTAS,IA 4,IA 4/220TH AVE & Co Rd C56/590TH ST,Collision with:  Vehicle in traffic,On Roadway,"Sideswipe, same direction",Other (explain in narrative):  Other,None Indicated,,Dark - roadway lighted,Dry,Clear,None apparent,Intersection:  Four-way intersection,Paved,,Property Damage Only,0,0,0,0,0,0,3000,2,2,,POINT (-94.678288285539 42.631409660678)
2014832673,S14-004846,12/08/2014,12-December,2-Monday,07:00,0700 Hours,District 4 (Southwest),,POTTAWATTAMIE,,Co Rd L36/210TH ST,Collision with:  Animal,,,Animal,None Indicated,,,,,,,Unpaved,,Property Damage Only,0,0,0,0,0,0,4500,1,1,,POINT (-95.784685003758 41.486540878424)
2014832554,20140036363,12/08/2014,12-December,2-Monday,18:48,1800 Hours,District 1 (Central),DES MOINES,POLK,,E HULL AVE,Collision with fixed object:  Utility pole/light support,On Roadway,Non-collision (single vehicle),Ran off road - right,None Indicated,,Dark - roadway lighted,Dry,Cloudy,Unknown,Non-intersection:  Non-junction/no special feature,Paved,,Property Damage Only,0,0,0,0,0,0,2500,1,1,,POINT (-93.607533215892 41.622306842614)
2014832872,2014013618,12/08/2014,12-December,2-Monday,13:35,1300 Hours,District 6 (East Central),IOWA CITY,JOHNSON,US 6,US 6 & LAKESIDE DR & INDUSTRIAL PARK RD,Collision with fixed object:  Utility pole/light support,On Roadway,Non-collision (single vehicle),Made improper turn,None Indicated,,Daylight,Dry,Cloudy,None apparent,Intersection:  Four-way intersection,Paved,,Property Damage Only,0,0,0,0,0,0,3000,1,1,,POINT (-91.497428398208 41.635365857012)
2014834323,14-3470,12/08/2014,12-December,2-Monday,05:08,0500 Hours,District 2 (Northeast),OSAGE,MITCHELL,,STATE ST,Collision with fixed object:  Other fixed object (explain in narrative),On Roadway,Non-collision (single vehicle),Unknown,None Indicated,,Dark - roadway not lighted,Ice/frost,"Fog, smoke, smog","Surface condition (e.g., wet, icy)",Non-intersection:  Non-junction/no special feature,Paved,,Property Damage Only,0,0,0,0,0,0,3500,1,1,,POINT (-92.804826922517 43.283128445202)
2014832358,2014-040331,12/08/2014,12-December,2-Monday,06:25,0600 Hours,District 6 (East Central),DUBUQUE,DUBUQUE,,BRUNSKILL RD,Collision with:  Vehicle in traffic,On Roadway,"Sideswipe, opposite direction",Lost Control,None Indicated,,Dark - roadway lighted,Ice/frost,Cloudy,None apparent,Non-intersection:  Non-junction/no special feature,Paved,,Property Damage Only,0,0,0,0,0,0,2200,2,2,,POINT (-90.710986192435 42.491615958718)
2014832795,14023786,12/08/2014,12-December,2-Monday,18:21,1800 Hours,District 2 (Northeast),,BREMER,US 63,US 63,Collision with:  Animal,,Non-collision (single vehicle),Animal,None Indicated,,,,,,,Paved,,Property Damage Only,0,0,0,0,0,0,5000,1,1,,POINT (-92.33740330789 42.856234631459)
2014832636,C14003898,12/08/2014,12-December,2-Monday,17:45,1700 Hours,District 6 (East Central),CORALVILLE,JOHNSON,I-80,I-80 & IA 965/CORAL RIDGE AVE & COMMERCE DR,Collision with:  Vehicle in traffic,On Roadway,"Sideswipe, same direction",Made improper turn,None Indicated,,Dark - roadway lighted,Dry,Clear,None apparent,Intersection:  Four-way intersection,Paved,,Property Damage Only,0,0,0,0,0,0,2000,2,2,,POINT (-91.608476568271 41.695930233008)
2014832582,143732,12/08/2014,12-December,2-Monday,17:45,1700 Hours,District 3 (Northwest),,CRAWFORD,IA 141,IA 141/IOWA 141,Collision with:  Animal,On Roadway,Non-collision (single vehicle),Animal,None Indicated,,Dark - roadway not lighted,Dry,Clear,None apparent,Non-intersection:  Non-junction/no special feature,Paved,,Property Damage Only,0,0,0,0,0,0,4000,1,2,,POINT (-95.451455650384 42.037180470314)
2014832794,14023780,12/08/2014,12-December,2-Monday,16:52,1600 Hours,District 2 (Northeast),,BREMER,US 218,US 218,Collision with:  Animal,,Non-collision (single vehicle),Animal,None Indicated,,,,,,,Paved,,Property Damage Only,0,0,0,0,0,0,2000,1,1,,POINT (-92.478693825619 42.692688316273)
2014834694,2014068248,12/08/2014,12-December,2-Monday,15:25,1500 Hours,District 6 (East Central),,JOHNSON,I-80,I-80,Collision with:  Animal,,,Animal,None Indicated,,,,,,,Paved,,Property Damage Only,0,0,0,0,0,0,1500,1,1,,POINT (-91.747038049802 41.693354503138)
2014834182,2014068197,12/08/2014,12-December,2-Monday,08:15,0800 Hours,District 2 (Northeast),,BLACK HAWK,US 218,US 218 & W BENNINGTON RD,Collision with fixed object:  Ditch,Shoulder,Non-collision (single vehicle),Ran off road - right,Alcohol (Statutory),,Daylight,Wet,Rain,None apparent,Non-intersection:  Non-junction/no special feature,Paved,,Property Damage Only,0,0,0,0,0,0,2500,1,1,,POINT (-92.438454439995 42.59931703165)
2014835391,143925,12/08/2014,12-December,2-Monday,23:18,2300 Hours,District 2 (Northeast),HAMPTON,FRANKLIN,US 65,US 65/4TH ST SE & 140TH ST,Collision with:  Animal,,,Animal,None Indicated,,,,,,,Paved,,Property Damage Only,0,0,0,0,0,0,3000,1,1,,POINT (-93.202521052422 42.730951459826)
2014832712,2014068185,12/08/2014,12-December,2-Monday,06:19,0600 Hours,District 5 (Southeast),,MONROE,IA 5,IA 5/IOWA 5,Collision with:  Animal,On Roadway,Rear-end (front to rear),Animal,None Indicated,,Dark - roadway not lighted,Dry,Snow,None apparent,Non-intersection:  Non-junction/no special feature,Paved,,Property Damage Only,0,0,0,0,0,0,2000,2,2,,POINT (-92.83074779304 40.899369449511)
2014833754,14-050662,12/08/2014,12-December,2-Monday,10:55,1000 Hours,District 5 (Southeast),MUSCATINE,MUSCATINE,US 61,US 61/GRANDVIEW AVE & DICK DRAKE WAY,Collision with:  Vehicle in traffic,On Roadway,"Sideswipe, same direction",Crossed centerline (undivided),None Indicated,,Daylight,Wet,Rain,None apparent,Intersection:  Four-way intersection,Paved,,Property Damage Only,0,0,0,0,0,0,2500,2,5,,POINT (-91.088078378029 41.391954911476)
2014832616,14-20704,12/08/2014,12-December,2-Monday,17:24,1700 Hours,District 5 (Southeast),,HENRY,,Co Rd J20/SALEM RD,Collision with:  Animal,,,Animal,None Indicated,,,,,,,Paved,,Property Damage Only,0,0,0,0,0,0,6000,1,1,,POINT (-91.57397870251 40.846609535831)
2014836816,,12/08/2014,12-December,2-Monday,13:20,1300 Hours,District 6 (East Central),SHELLSBURG,BENTON,,SW COMMERCIAL ST & SW SMITH ST,Collision with:  Vehicle in traffic,On Roadway,Broadside (front to side),Ran Stop Sign,None Indicated,,Daylight,Dry,Cloudy,None apparent,Intersection:  T-intersection,Paved,,Property Damage Only,0,0,0,0,0,0,3000,2,2,,POINT (-91.869254069548 42.091526863364)
2014832778,14028412,12/08/2014,12-December,2-Monday,13:40,1300 Hours,District 5 (Southeast),OSKALOOSA,MAHASKA,,C AVE E,Collision with:  Vehicle in traffic,On Roadway,Rear-end (front to rear),FTYROW:  From driveway,None Indicated,,Daylight,Dry,Cloudy,None apparent,Non-intersection:  Driveway access (within),Paved,,Property Damage Only,0,0,0,0,0,0,2500,2,2,,POINT (-92.637187791651 41.298529486579)
2014832971,14-40141,12/08/2014,12-December,2-Monday,17:55,1700 Hours,District 3 (Northwest),SIOUX CITY,WOODBURY,US 75,US 75 & OUTER DR N,Collision with:  Vehicle in traffic,On Roadway,Rear-end (front to rear),Other (explain in narrative):  Other,None Indicated,,Dark - roadway lighted,Dry,Clear,None apparent,Intersection:  Intersection with ramp,Paved,,Property Damage Only,0,0,0,0,0,0,6000,2,2,,POINT (-96.338593053873 42.518513064419)
2014836836,,12/08/2014,12-December,2-Monday,07:55,0700 Hours,District 2 (Northeast),,WINNESHIEK,,Co Rd W38/LOCUST RD,Collision with:  Animal,On Roadway,Non-collision (single vehicle),Animal,None Indicated,,Daylight,Wet,Rain,None apparent,Non-intersection:  Non-junction/no special feature,Paved,,Property Damage Only,0,0,0,0,0,0,1500,1,1,,POINT (-91.759367421035 43.363036494576)
2014832576,20140036348,12/08/2014,12-December,2-Monday,16:45,1600 Hours,District 1 (Central),DES MOINES,POLK,,FLEUR DR,Collision with:  Vehicle in traffic,On Roadway,Head-on (front to front),Made improper turn,None Indicated,,Dusk,Dry,Clear,None apparent,Non-intersection:  Non-junction/no special feature,Paved,,Possible/Unknown,0,2,0,0,2,0,7000,2,4,,POINT (-93.644983442759 41.558223447936)
2014833173,2014068279,12/08/2014,12-December,2-Monday,16:28,1600 Hours,District 1 (Central),WEST DES MOINES,POLK,I-35,I-35 & IA 5/IOWA 5,Collision with:  Vehicle in traffic,On Roadway,"Sideswipe, same direction",Improper or erratic lane changing,None Indicated,,Daylight,Dry,Cloudy,Work Zone (roadway-related),Non-intersection:  Non-junction/no special feature,Paved,Yes,Minor Injury,0,2,0,1,1,0,15500,2,3,,POINT (-93.772910826509 41.524702205987)
2014832970,14-40133,12/08/2014,12-December,2-Monday,16:05,1600 Hours,District 3 (Northwest),SIOUX CITY,WOODBURY,,W 3RD ST & HAMILTON BLVD,Collision with:  Vehicle in traffic,On Roadway,Rear-end (front to rear),Followed too close,None Indicated,,Daylight,Dry,Clear,None apparent,Intersection:  Four-way intersection,Paved,,Property Damage Only,0,0,0,0,0,0,4500,2,3,,POINT (-96.421349618014 42.499303203369)
2014832625,2014-040354,12/08/2014,12-December,2-Monday,16:53,1600 Hours,District 6 (East Central),DUBUQUE,DUBUQUE,,W 11TH ST & LOCUST ST S,Collision with:  Vehicle in traffic,On Roadway,"Sideswipe, same direction",Made improper turn,None Indicated,,Dark - roadway lighted,Wet,Cloudy,None apparent,Intersection:  Other intersection (explain in narrative),Paved,,Property Damage Only,0,0,0,0,0,0,14000,2,2,,POINT (-90.669631549261 42.502966183669)
2014832228,201418231,12/08/2014,12-December,2-Monday,07:18,0700 Hours,District 6 (East Central),CEDAR RAPIDS,LINN,,27TH ST NW & O AVE NW,Collision with:  Vehicle in traffic,On Roadway,Broadside (front to side),FTYROW:  From driveway,None Indicated,,Dawn,Wet,Cloudy,None apparent,Non-intersection:  Driveway access (within),Paved,,Property Damage Only,0,0,0,0,0,0,7200,2,2,,POINT (-91.707124149407 41.989186466112)
2014832915,14021243,12/08/2014,12-December,2-Monday,08:47,0800 Hours,District 2 (Northeast),MASON CITY,CERRO GORDO,IA 122,IA 122/6TH ST SE,Collision with:  Vehicle in traffic,On Roadway,"Angle, oncoming left turn",Made improper turn,None Indicated,,Daylight,Wet,Cloudy,None apparent,Non-intersection:  Driveway access (within),Paved,,Property Damage Only,0,0,0,0,0,0,3000,2,2,,POINT (-93.199520775313 43.146203751133)
2014832518,2014-83853,12/08/2014,12-December,2-Monday,13:54,1300 Hours,District 6 (East Central),DAVENPORT,SCOTT,,W 5TH ST & N DIVISION ST,Collision with:  Vehicle in traffic,On Roadway,Broadside (front to side),FTYROW:  From stop sign,None Indicated,,Daylight,Wet,Rain,None apparent,Intersection:  T-intersection,Paved,,Property Damage Only,0,0,0,0,0,0,6000,2,3,,POINT (-90.601201625304 41.52452194824)
2014832789,14010478,12/08/2014,12-December,2-Monday,05:55,0500 Hours,District 6 (East Central),,DELAWARE,,Co Rd D22/210TH ST,Collision with fixed object:  Other fixed object (explain in narrative),Shoulder,Non-collision (single vehicle),Crossed centerline (undivided),None Indicated,,Dark - roadway not lighted,Ice/frost,"Sleet, hail","Surface condition (e.g., wet, icy)",Non-intersection:  Non-junction/no special feature,Paved,,Property Damage Only,0,0,0,0,0,0,3500,1,1,,POINT (-91.382503911073 42.484405404709)
2014832551,20140036353,12/08/2014,12-December,2-Monday,17:19,1700 Hours,District 1 (Central),DES MOINES,POLK,,HICKMAN RD,Collision with:  Vehicle in traffic,On Roadway,"Angle, oncoming left turn",Other (explain in narrative):  Vision obstructed,None Indicated,,Dark - roadway lighted,Dry,Cloudy,None apparent,Non-intersection:  Non-junction/no special feature,Paved,,Property Damage Only,0,0,0,0,0,0,3800,2,2,,POINT (-93.647553644846 41.615044739812)
2014832776,14017148,12/08/2014,12-December,2-Monday,17:10,1700 Hours,District 5 (Southeast),CENTERVILLE,APPANOOSE,IA 2,IA 2/IOWA 2,Collision with:  Animal,,,Animal,None Indicated,,,,,,,Paved,,Property Damage Only,0,0,0,0,0,0,1500,1,1,,POINT (-93.000213190007 40.739529315827)
2014832969,14-40131,12/08/2014,12-December,2-Monday,15:58,1500 Hours,District 3 (Northwest),SIOUX CITY,WOODBURY,,5TH ST & COURT ST,Collision with:  Vehicle in traffic,On Roadway,Broadside (front to side),Ran Traffic Signal,None Indicated,,Daylight,Dry,Clear,None apparent,Intersection:  Four-way intersection,Paved,,Property Damage Only,0,0,0,0,0,0,9000,2,2,,POINT (-96.396454616516 42.495290182951)
2014832887,14-017757,12/08/2014,12-December,2-Monday,13:35,1300 Hours,District 2 (Northeast),,FAYETTE,IA 150,IA 150/100TH ST,Collision with:  Animal,,,Animal,None Indicated,,,,,,,Paved,,Property Damage Only,0,0,0,0,0,0,3000,1,1,,POINT (-91.856352908352 42.774130348683)
2014832933,14-014909,12/08/2014,12-December,2-Monday,19:10,1900 Hours,District 1 (Central),,TAMA,US 30,US 30,Collision with:  Animal,,,Animal,None Indicated,,,,,,,Paved,,Property Damage Only,0,0,0,0,0,0,5000,1,1,,POINT (-92.537348818231 41.964507101939)
2014832713,2014068234,12/08/2014,12-December,2-Monday,12:25,1200 Hours,District 6 (East Central),,JACKSON,US 61,US 61,Collision with:  Animal,,,Animal,None Indicated,,,,,,,Paved,,Property Damage Only,0,0,0,0,0,0,7500,1,1,,POINT (-90.677404933925 42.218679298701)
2014832131,20140036301,12/08/2014,12-December,2-Monday,10:30,1000 Hours,District 1 (Central),DES MOINES,POLK,US 69,US 69/E 14TH ST & E WALNUT ST,Collision with:  Vehicle in traffic,On Roadway,Rear-end (front to rear),Other (explain in narrative):  Other,None Indicated,,Daylight,Dry,Cloudy,None apparent,Non-intersection:  Non-junction/no special feature,Paved,,Possible/Unknown,0,1,0,0,1,0,1500,2,2,,POINT (-93.597271696351 41.591276673755)
2014832545,S14-12862,12/08/2014,12-December,2-Monday,16:00,1600 Hours,District 3 (Northwest),,WOODBURY,,Co Rd D65/310TH ST & DELAWARE AVE,Collision with fixed object:  Ditch,Roadside,Non-collision (single vehicle),Driving too fast for conditions,None Indicated,,Daylight,"Mud, dirt",Cloudy,None apparent,Intersection:  T-intersection,Unpaved,,Property Damage Only,0,0,0,0,0,0,2000,1,2,,POINT (-96.222463279177 42.257668918104)
2014832815,2014-83900,12/08/2014,12-December,2-Monday,17:09,1700 Hours,District 6 (East Central),DAVENPORT,SCOTT,,IA 461/W RIVER DR & RICKER HILL RD,Collision with:  Vehicle in traffic,On Roadway,Rear-end (front to rear),Followed too close,None Indicated,,Daylight,Dry,Cloudy,None apparent,Non-intersection:  Non-junction/no special feature,Paved,,Property Damage Only,0,0,0,0,0,0,7500,2,2,,POINT (-90.656921633146 41.509153404822)
2014833058,201418272,12/08/2014,12-December,2-Monday,18:38,1800 Hours,District 6 (East Central),CEDAR RAPIDS,LINN,,42ND ST NE & CENTER POINT RD NE,Collision with:  Vehicle in traffic,On Roadway,"Angle, oncoming left turn",FTYROW:  Making left turn,None Indicated,,Dark - roadway lighted,Dry,Clear,None apparent,Intersection:  Four-way intersection,Paved,,Possible/Unknown,0,1,0,0,1,0,10000,2,4,,POINT (-91.665439478448 42.021483651345)
2014832638,,12/08/2014,12-December,2-Monday,17:49,1700 Hours,District 5 (Southeast),,LUCAS,,Co Rd S23/200TH AVE,Collision with:  Animal,On Roadway,Non-collision (single vehicle),Animal,None Indicated,,Dark - roadway not lighted,Dry,Clear,None apparent,Non-intersection:  Non-junction/no special feature,Paved,,Property Damage Only,0,0,0,0,0,0,4000,1,1,,POINT (-93.365764152647 41.05020724986)
2014835906,14-010356,12/08/2014,12-December,2-Monday,17:00,1700 Hours,District 2 (Northeast),,CLAYTON,,232ND ST,Non-collision events:  Overturn/rollover,On Roadway,Non-collision (single vehicle),Driving too fast for conditions,None Indicated,,Unknown,"Mud, dirt",Unknown,"Surface condition (e.g., wet, icy)",Non-intersection:  Non-junction/no special feature,Unpaved,,Property Damage Only,0,0,0,0,0,0,1500,1,1,,POINT (-91.203322632302 42.889573362087)
2014832523,14-6267,12/08/2014,12-December,2-Monday,05:05,0500 Hours,District 6 (East Central),HIAWATHA,LINN,I-380,I-380,Non-collision events:  Other non-collision (explain in narrative),Outside trafficway,Non-collision (single vehicle),Driver Distraction:  Inattentive/lost in thought,None Indicated,,Dark - roadway lighted,Wet,Rain,None apparent,Non-intersection:  Non-junction/no special feature,Paved,,Property Damage Only,0,0,0,0,0,0,12000,1,1,,POINT (-91.682856779913 42.044290843627)
2014832750,14-14146,12/08/2014,12-December,2-Monday,09:45,0900 Hours,District 3 (Northwest),,SIOUX,,Co Rd B46/420TH ST,Collision with fixed object:  Ditch,On Roadway,Non-collision (single vehicle),Ran off road - right,None Indicated,,Daylight,"Mud, dirt",Clear,None apparent,Non-intersection:  Non-junction/no special feature,Unpaved,,Possible/Unknown,0,1,0,0,1,0,30100,1,1,,POINT (-96.159612028555 43.040659156575)
2014832595,2014-13637,12/08/2014,12-December,2-Monday,11:38,1100 Hours,District 3 (Northwest),,CALHOUN,,Co Rd N28/DAKOTA AVE,Collision with:  Animal,,,Animal,None Indicated,,,,,,,Paved,,Property Damage Only,0,0,0,0,0,0,1500,1,1,,POINT (-94.858285521802 42.288195021052)
2014833766,2014-23732,12/08/2014,12-December,2-Monday,15:43,1500 Hours,District 6 (East Central),BETTENDORF,SCOTT,,PARK WILD DR & DEVILS GLEN RD,Collision with:  Vehicle in traffic,On Roadway,Rear-end (front to rear),Driving too fast for conditions,None Indicated,,Daylight,Wet,Rain,"Surface condition (e.g., wet, icy)",Non-intersection:  Non-junction/no special feature,Paved,,Property Damage Only,0,0,0,0,0,0,5000,4,5,,POINT (-90.483454651174 41.562802812366)
2014832577,20140036376,12/08/2014,12-December,2-Monday,22:19,2200 Hours,District 1 (Central),DES MOINES,POLK,,E GRAND AVE,Collision with fixed object:  Utility pole/light support,Roadside,Non-collision (single vehicle),Driving too fast for conditions,None Indicated,,Dark - roadway lighted,Dry,Clear,None apparent,Non-intersection:  Non-junction/no special feature,Paved,,Property Damage Only,0,0,0,0,0,0,14995,3,5,,POINT (-93.594442213749 41.594119614823)
2014832665,14-2734,12/08/2014,12-December,2-Monday,17:22,1700 Hours,District 1 (Central),URBANDALE,POLK,I-35,I-35,Collision with:  Vehicle in traffic,On Roadway,Rear-end (front to rear),Unknown,None Indicated,,Dark - roadway lighted,Dry,Clear,None apparent,Non-intersection:  Non-junction/no special feature,Paved,,Property Damage Only,0,0,0,0,0,0,3000,2,2,,POINT (-93.763423091769 41.651407083316)
2014833172,2014068274,12/08/2014,12-December,2-Monday,16:25,1600 Hours,District 6 (East Central),NORTH LIBERTY,JOHNSON,,Co Rd F28/250TH ST,Collision with:  Vehicle in traffic,On Roadway,Rear-end (front to rear),Followed too close,None Indicated,,Dusk,Dry,Clear,None apparent,Non-intersection:  Non-junction/no special feature,Paved,,Property Damage Only,0,0,0,0,0,0,6000,2,2,,POINT (-91.638997474838 41.752462244381)
2014833174,2014068294,12/08/2014,12-December,2-Monday,18:00,1800 Hours,District 4 (Southwest),,CASS,I-80,I-80,Collision with:  Animal,,,Animal,None Indicated,,,,,,,Paved,,Property Damage Only,0,0,0,0,0,0,8000,1,1,,POINT (-94.934793310729 41.497187340354)
2014832521,14-001451,12/08/2014,12-December,2-Monday,16:47,1600 Hours,District 1 (Central),,STORY,US 30,US 30 & Co Rd R70/580TH AVE,Collision with:  Vehicle in traffic,Median,"Sideswipe, opposite direction",Crossed centerline (undivided),None Indicated,,Daylight,Dry,Cloudy,None apparent,Unknown,Paved,,Property Damage Only,0,0,0,0,0,0,9000,2,2,,POINT (-93.540865085925 42.008883269954)
2014832826,SO1405316,12/08/2014,12-December,2-Monday,10:35,1000 Hours,District 5 (Southeast),PLEASANT PLAIN,JEFFERSON,,PLEASANT PLAIN RD & 116TH BLVD & PENN ST,Collision with fixed object:  Ditch,Shoulder,Non-collision (single vehicle),Ran off road - right,None Indicated,,Daylight,Dry,Cloudy,None apparent,Non-intersection:  Non-junction/no special feature,Paved,,Property Damage Only,0,0,0,0,0,0,3000,1,2,,POINT (-91.858650228509 41.142564558387)
2014832980,2014-7179,12/08/2014,12-December,2-Monday,17:56,1700 Hours,District 1 (Central),,HARDIN,US 20,US 20,Collision with:  Animal,On Roadway,Non-collision (single vehicle),Animal,None Indicated,,,,,,,Paved,,Property Damage Only,0,0,0,0,0,0,5000,1,1,,POINT (-93.365953503966 42.447802184842)