Iowa DOT Case Number,Law Enforcement Case Number,Date of Crash,Month of Crash,Day of Week,Time of Crash,Hour,DOT District,City Name,County Name,Route with System,Location Description,First Harmful Event,Location of First Harmful Event,Manner of Crash/Collision,Major Cause,Drug or Alcohol ,Environmental Conditions,Light Conditions,Surface Conditions,Weather Conditions,Roadway Contribution,Roadway Type,Roadway Surface,Work Zone,Crash Severity,Number of Fatalities,Number of Injuries,Number of Major Injuries,Number of Minor Injuries,Number of Possible Injuries,Number of Unknown Injuries,Amount of Property Damage,Number of Vehicles Involved,Total Number of Occupants,Travel Direction,Location
2014832667,14-2738,12/08/2014,12-December,2-Monday,21:40,2100 Hours,District 1 (Central),URBANDALE,POLK,,NW URBANDALE DR & PLUM DR,Collision with:  Vehicle in traffic,On Roadway,Rear-end (front to rear),Improper Backing,None Indicated,,Dark - roadway lighted,Dry,Clear,None apparent,Intersection:  Four-way intersection,Paved,,Property Damage Only,0,0,0,0,0,0,2500,2,2,,POINT (-93.769884952041 41.646437086215)
2014832540,201418244,12/08/2014,12-December,2-Monday,11:05,1100 Hours,District 6 (East Central),CEDAR RAPIDS,LINN,IA 922,IA 922/1ST AVE W & 11TH ST SW & 11TH ST NW,Collision with:  Vehicle in traffic,On Roadway,Broadside (front to side),FTYROW:  From stop sign,None Indicated,,Daylight,Wet,Cloudy,None apparent,Intersection:  Four-way intersection,Paved,,Possible/Unknown,0,2,0,0,2,0,13000,2,2,,POINT (-91.685575679387 41.972135697551)
2014833195,2014-83897,12/08/2014,12-December,2-Monday,17:00,1700 Hours,District 6 (East Central),DAVENPORT,SCOTT,,MIDDLE RD & KIMBERLY RD,Collision with:  Vehicle in traffic,On Roadway,Rear-end (front to rear),Followed too close,None Indicated,,Dark - roadway lighted,Wet,Cloudy,None apparent,Intersection:  Four-way intersection,Paved,,Possible/Unknown,0,1,0,0,1,0,4000,2,4,,POINT (-90.522528329054 41.538506134675)
2014832758,14-050709,12/08/2014,12-December,2-Monday,17:33,1700 Hours,District 5 (Southeast),,MUSCATINE,,Co Rd X43/HAMPTON AVE,Non-collision events:  Overturn/rollover,On Roadway,Non-collision (single vehicle),Ran off road - right,None Indicated,,Dark - roadway not lighted,Dry,Cloudy,None apparent,Non-intersection:  Non-junction/no special feature,Paved,,Property Damage Only,0,0,0,0,0,0,10000,1,1,,POINT (-91.239552358258 41.343951020444)
2014832845,,12/08/2014,12-December,2-Monday,16:00,1600 Hours,District 1 (Central),DES MOINES,POLK,I-235,I-235 & IA 28/63RD ST,Collision with:  Vehicle in traffic,On Roadway,Rear-end (front to rear),Unknown,None Indicated,,Daylight,Dry,Clear,,Intersection:  Intersection with ramp,Paved,,Minor Injury,0,1,0,1,0,0,850,2,2,,POINT (-93.703564549141 41.593593682941)
2014854626,14680915,12/08/2014,12-December,2-Monday,14:56,1400 Hours,District 5 (Southeast),,MONROE,IA 5,IA 5/IOWA 5,Non-collision events:  Overturn/rollover,Shoulder,Non-collision (single vehicle),Swerving/Evasive Action,None Indicated,,Daylight,Dry,Clear,None apparent,Non-intersection:  Non-junction/no special feature,Paved,,Minor Injury,0,1,0,1,0,0,10000,1,1,,POINT (-92.820805029584 41.037631561403)
2014832711,2014068180,12/08/2014,12-December,2-Monday,02:40,0200 Hours,District 1 (Central),,POWESHIEK,I-80,I-80,Collision with fixed object:  Guardrail - face,Median,Non-collision (single vehicle),Ran off road - left,None Indicated,,Dark - roadway not lighted,Wet,Clear,None apparent,Non-intersection:  Non-junction/no special feature,Paved,,Property Damage Only,0,0,0,0,0,0,8000,1,2,,POINT (-92.392097038221 41.696127439673)
2014833505,20140036361,12/08/2014,12-December,2-Monday,18:46,1800 Hours,District 1 (Central),DES MOINES,POLK,,LEWIS AVE & SW 9TH ST,Collision with:  Vehicle in traffic,On Roadway,Rear-end (front to rear),Followed too close,None Indicated,,Dark - roadway lighted,Dry,Clear,None apparent,Non-intersection:  Non-junction/no special feature,Paved,,Property Damage Only,0,0,0,0,0,0,4000,2,3,,POINT (-93.625744658453 41.544179272568)
2014832605,14-282,12/08/2014,12-December,2-Monday,08:10,0800 Hours,District 4 (Southwest),,TAYLOR,IA 148,IA 148/IOWA 148,Collision with:  Railway vehicle/train,,,Animal,None Indicated,,,,,,,Paved,,Property Damage Only,0,0,0,0,0,0,5100,1,1,,POINT (-94.737856768406 40.75028914424)
2014892597,14680917,12/08/2014,12-December,2-Monday,17:55,1700 Hours,District 5 (Southeast),,MONROE,IA 5,IA 5/IOWA 5,Collision with:  Animal,,,Animal,None Indicated,,,,,,,Paved,,Property Damage Only,0,0,0,0,0,0,2000,1,1,,POINT (-92.830747585776 40.899450524699)
2014832627,2014-040358,12/08/2014,12-December,2-Monday,18:06,1800 Hours,District 6 (East Central),DUBUQUE,DUBUQUE,,BOOTH ST,Collision with:  Parked motor vehicle,On Roadway,Rear-end (front to rear),Other (explain in narrative):  Other,None Indicated,,Dark - roadway not lighted,Dry,Cloudy,None apparent,Non-intersection:  Non-junction/no special feature,Paved,,Property Damage Only,0,0,0,0,0,0,3500,3,4,,POINT (-90.682174335076 42.495188011492)
2014833186,P14-013564,12/08/2014,12-December,2-Monday,15:42,1500 Hours,District 1 (Central),WEBSTER CITY,HAMILTON,,OVERPASS DR & 2ND ST & FAIR AVE,Collision with:  Vehicle in traffic,On Roadway,"Sideswipe, same direction",Other (explain in narrative):  Other,None Indicated,,Daylight,Dry,Cloudy,None apparent,Non-intersection:  Non-junction/no special feature,Paved,,Property Damage Only,0,0,0,0,0,0,2500,2,10,,POINT (-93.840252979703 42.469595394053)
2014832442,14-010355,12/08/2014,12-December,2-Monday,15:45,1500 Hours,District 2 (Northeast),,CLAYTON,IA 13,IA 13/IOWA 13,Collision with:  Animal,On Roadway,Non-collision (single vehicle),Animal,None Indicated,,Daylight,Wet,Rain,None apparent,Non-intersection:  Non-junction/no special feature,Paved,,Property Damage Only,0,0,0,0,0,0,6000,1,4,,POINT (-91.406033481558 42.83975240021)
2014836825,,12/08/2014,12-December,2-Monday,17:49,1700 Hours,District 2 (Northeast),DECORAH,WINNESHIEK,IA 9,IA 9/IOWA 9,Collision with:  Animal,On Roadway,Non-collision (single vehicle),Animal,None Indicated,,Dark - roadway not lighted,Dry,Clear,None apparent,Non-intersection:  Non-junction/no special feature,Paved,,Property Damage Only,0,0,0,0,0,0,3500,1,1,,POINT (-91.784078982868 43.289258303419)
2014832786,14-23747,12/08/2014,12-December,2-Monday,10:07,1000 Hours,District 2 (Northeast),,BREMER,,Co Rd C50/260TH ST,Collision with fixed object:  Ditch,On Roadway,Non-collision (single vehicle),Driving too fast for conditions,None Indicated,,Daylight,Wet,Cloudy,"Surface condition (e.g., wet, icy)",Non-intersection:  Non-junction/no special feature,Paved,,Property Damage Only,0,0,0,0,0,0,2400,1,1,,POINT (-92.374553512051 42.671418230355)
2014833024,14005771,12/08/2014,12-December,2-Monday,17:19,1700 Hours,District 1 (Central),AMES,STORY,,LINCOLN WAY & BEACH AVE,Collision with:  Vehicle in traffic,On Roadway,Rear-end (front to rear),Other (explain in narrative):  Other,None Indicated,,Dark - roadway lighted,Dry,Clear,None apparent,Intersection:  Four-way intersection,Paved,,Property Damage Only,0,0,0,0,0,0,3000,2,3,,POINT (-93.639498420319 42.022732640742)
2014832409,14015947,12/08/2014,12-December,2-Monday,08:38,0800 Hours,District 4 (Southwest),,MILLS,,Co Rd L35/221ST ST,Collision with fixed object:  Traffic sign support,Roadside,Non-collision (single vehicle),Crossed centerline (undivided),None Indicated,,Daylight,Other (explain in narrative),Cloudy,"Surface condition (e.g., wet, icy)",Non-intersection:  Non-junction/no special feature,Paved,,Minor Injury,0,1,0,1,0,0,1500,1,1,,POINT (-95.764502815702 41.093916198501)
2014832555,20140036364,12/08/2014,12-December,2-Monday,18:41,1800 Hours,District 1 (Central),DES MOINES,POLK,US 6,US 6/MERLE HAY RD,Collision with:  Vehicle in traffic,On Roadway,Rear-end (front to rear),Lost Control,None Indicated,,Dark - roadway lighted,Dry,Cloudy,None apparent,Non-intersection:  Non-junction/no special feature,Paved,,Possible/Unknown,0,1,0,0,1,0,8000,2,3,,POINT (-93.697743534102 41.626847714725)
2014832916,14021255,12/08/2014,12-December,2-Monday,14:32,1400 Hours,District 2 (Northeast),MASON CITY,CERRO GORDO,,1ST ST NW & N ADAMS AVE,Collision with:  Vehicle in traffic,On Roadway,Broadside (front to side),FTYROW:  From stop sign,None Indicated,,Daylight,Dry,Clear,None apparent,Intersection:  Four-way intersection,Paved,,Possible/Unknown,0,1,0,0,1,0,10000,2,2,,POINT (-93.204277168881 43.152723875353)
2014833112,14-037375,12/08/2014,12-December,2-Monday,07:00,0700 Hours,District 5 (Southeast),FORT MADISON,LEE,,354 AVE,Collision with:  Other non-fixed object (explain in narrative),On Roadway,Non-collision (single vehicle),Unknown,None Indicated,,Daylight,Wet,Clear,None apparent,Non-intersection:  Non-junction/no special feature,Paved,,Property Damage Only,0,0,0,0,0,0,1501,1,1,,POINT (-91.227157088277 40.716247091265)
2014832791,14021257,12/08/2014,12-December,2-Monday,15:49,1500 Hours,District 2 (Northeast),MASON CITY,CERRO GORDO,,6TH ST SW,Collision with:  Vehicle in traffic,On Roadway,"Sideswipe, same direction",FTYROW:  Other (explain in narrative),None Indicated,,Daylight,Dry,Clear,None apparent,Non-intersection:  Non-junction/no special feature,Paved,,Property Damage Only,0,0,0,0,0,0,1750,2,2,,POINT (-93.209752974584 43.14631151943)
2014832721,14-14147,12/08/2014,12-December,2-Monday,10:10,1000 Hours,District 3 (Northwest),,SIOUX,,450TH ST & MARSH AVE,Collision with:  Vehicle in traffic,On Roadway,Broadside (front to side),FTYROW:  From stop sign,None Indicated,,Daylight,Dry,Cloudy,None apparent,Unknown,Unpaved,,Property Damage Only,0,0,0,0,0,0,6000,2,2,,POINT (-95.879709563223 42.996699948198)
2014832768,20140036365,12/08/2014,12-December,2-Monday,19:00,1900 Hours,District 1 (Central),DES MOINES,POLK,,SOUTHLAWN DR & FLEUR DR,Collision with fixed object:  Curb/island/raised median,Shoulder,Non-collision (single vehicle),Ran off road - right,Refused,,Dark - roadway lighted,Dry,Clear,None apparent,Intersection:  T-intersection,Paved,,Property Damage Only,0,0,0,0,0,0,2100,1,1,,POINT (-93.645040393994 41.532588314675)
2014834183,2014068259,12/08/2014,12-December,2-Monday,14:25,1400 Hours,District 1 (Central),,GRUNDY,IA 57,IA 57/110TH ST & X AVE,Collision with:  Animal,,,Animal,None Indicated,,,,,,,Paved,,Property Damage Only,0,0,0,0,0,0,2500,1,1,,POINT (-92.574014278641 42.54234551635)
2014833115,14-37374,12/08/2014,12-December,2-Monday,06:45,0600 Hours,District 5 (Southeast),FORT MADISON,LEE,US 61,US 61,Collision with fixed object:  Ditch,On Roadway,Non-collision (single vehicle),Swerving/Evasive Action,None Indicated,,Dark - roadway not lighted,Wet,Rain,None apparent,Non-intersection:  Non-junction/no special feature,Paved,,Property Damage Only,0,0,0,0,0,0,5500,1,1,,POINT (-91.426798388054 40.57423425882)
2014832463,14-23744,12/08/2014,12-December,2-Monday,18:55,1800 Hours,District 6 (East Central),BETTENDORF,SCOTT,,MIDDLE RD & DEVILS GLEN RD,Collision with:  Vehicle in traffic,On Roadway,Rear-end (front to rear),Followed too close,None Indicated,,Dark - roadway lighted,Wet,Cloudy,None apparent,Intersection:  Four-way intersection,Paved,,Possible/Unknown,0,1,0,0,1,0,1050,2,4,,POINT (-90.483676298299 41.551531768348)
2014832528,14S01930,12/08/2014,12-December,2-Monday,14:00,1400 Hours,District 4 (Southwest),,UNION,IA 25,IA 25/IOWA 25,Non-collision events:  Overturn/rollover,On Roadway,Non-collision (single vehicle),Swerving/Evasive Action,None Indicated,,Daylight,Dry,Clear,None apparent,Non-intersection:  Non-junction/no special feature,Paved,,Possible/Unknown,0,1,0,0,1,0,5000,1,1,,POINT (-94.414453609121 41.137390682427)
2014832410,2014-26245,12/08/2014,12-December,2-Monday,00:46,0000 Hours,District 5 (Southeast),,WARREN,IA 92,IA 92/IOWA 92,Collision with:  Animal,,,Animal,None Indicated,,,,,,,Paved,,Property Damage Only,0,0,0,0,0,0,3500,1,1,,POINT (-93.698675540589 41.366700020611)
2014832129,20140036274,12/08/2014,12-December,2-Monday,07:58,0700 Hours,District 1 (Central),DES MOINES,POLK,,PARK AVE & SW 9TH ST,Collision with:  Vehicle in traffic,On Roadway,Rear-end (front to rear),Lost Control,None Indicated,,Daylight,Wet,Cloudy,None apparent,Intersection:  Four-way intersection,Paved,,Property Damage Only,0,0,0,0,0,0,3500,2,2,,POINT (-93.625793369464 41.555447152662)
2014835873,14-1422,12/08/2014,12-December,2-Monday,18:45,1800 Hours,District 1 (Central),PLEASANT HILL,POLK,,Co Rd S14/SE 6TH AVE,Collision with:  Animal,On Roadway,Rear-end (front to rear),Animal,None Indicated,,Dark - roadway not lighted,Dry,Cloudy,None apparent,Non-intersection:  Non-junction/no special feature,Paved,,Property Damage Only,0,0,0,0,0,0,3300,2,2,,POINT (-93.476662798513 41.581067266044)
2014839035,14-8807,12/08/2014,12-December,2-Monday,07:52,0700 Hours,District 3 (Northwest),,IDA,US 59,US 59 & Co Rd D54/330TH ST,Collision with:  Vehicle in traffic,On Roadway,Broadside (front to side),Ran Stop Sign,None Indicated,,Daylight,Wet,Clear,None apparent,Intersection:  Four-way intersection,Paved,,Possible/Unknown,0,1,0,0,1,0,12000,2,2,,POINT (-95.439371737873 42.225223510595)
2014832871,201400059404,12/08/2014,12-December,2-Monday,12:12,1200 Hours,District 5 (Southeast),OTTUMWA,WAPELLO,,W WILLIAMS ST,Collision with:  Vehicle in traffic,On Roadway,Head-on (front to front),Lost Control,None Indicated,,Daylight,Dry,Clear,None apparent,Non-intersection:  Non-junction/no special feature,Paved,,Possible/Unknown,0,1,0,0,1,0,3000,2,2,,POINT (-92.425293846401 40.998332608635)
2014833590,1412080637,12/08/2014,12-December,2-Monday,06:37,0600 Hours,District 6 (East Central),,JONES,,Co Rd E29/CO RD E-29,Collision with:  Animal,,,Animal,None Indicated,,,,,,,Paved,,Property Damage Only,0,0,0,0,0,0,1500,1,1,,POINT (-91.148706429365 42.107974237549)
2014832128,20140036271,12/08/2014,12-December,2-Monday,00:00,0000 Hours,District 1 (Central),DES MOINES,POLK,,37TH ST,Collision with:  Parked motor vehicle,On Roadway,Unknown,Lost Control,None Indicated,,Dark - roadway lighted,Wet,Cloudy,None apparent,Non-intersection:  Non-junction/no special feature,Paved,,Property Damage Only,0,0,0,0,0,0,3000,2,1,,POINT (-93.667202222978 41.629055654002)
2014832559,C14003899,12/08/2014,12-December,2-Monday,17:53,1700 Hours,District 6 (East Central),CORALVILLE,JOHNSON,,9TH ST & E 9TH ST & 1ST AVE,Collision with:  Vehicle in traffic,On Roadway,Rear-end (front to rear),Followed too close,None Indicated,,Dark - roadway lighted,Dry,Clear,None apparent,Non-intersection:  Non-junction/no special feature,Paved,,Property Damage Only,0,0,0,0,0,0,2000,2,2,,POINT (-91.565747009269 41.681696424078)
2014832524,14008272,12/08/2014,12-December,2-Monday,10:55,1000 Hours,District 3 (Northwest),ONAWA,MONONA,,PEARL ST & 7TH ST,Collision with:  Vehicle in traffic,On Roadway,Broadside (front to side),FTYROW:  At uncontrolled intersection,None Indicated,,Daylight,Dry,Clear,None apparent,Non-intersection:  Non-junction/no special feature,Paved,,Possible/Unknown,0,1,0,0,1,0,6500,2,2,,POINT (-96.093092246173 42.028073933927)
2014833419,14-141208-01,12/08/2014,12-December,2-Monday,09:35,0900 Hours,District 6 (East Central),,IOWA,US 6,US 6/42ND AVE & US 151,Collision with fixed object:  Tree,Roadside,Non-collision (single vehicle),Ran off road - straight,None Indicated,,Daylight,Wet,Cloudy,None apparent,Intersection:  T-intersection,Paved,,Possible/Unknown,0,1,0,0,1,0,1500,1,1,,POINT (-91.873623493416 41.764963830559)
2014833184,S14-119809,12/08/2014,12-December,2-Monday,17:20,1700 Hours,District 2 (Northeast),,BLACK HAWK,,Co Rd V43/N ELK RUN RD,Collision with:  Animal,,,Animal,None Indicated,,,,,,,Paved,,Property Damage Only,0,0,0,0,0,0,3000,1,1,,POINT (-92.258624575298 42.560848855025)
2014850899,14-9926,12/08/2014,12-December,2-Monday,15:15,1500 Hours,District 5 (Southeast),WAPELLO,LOUISA,US 61,US 61/N BAXTER ST & TOWNSEND AVE,Collision with:  Vehicle in traffic,On Roadway,"Sideswipe, same direction",Other (explain in narrative):  Vision obstructed,None Indicated,,Daylight,Dry,Cloudy,None apparent,Non-intersection:  Non-junction/no special feature,Paved,,Property Damage Only,0,0,0,0,0,0,2500,2,2,,POINT (-91.195373380368 41.181559634438)
2014832968,14-40124,12/08/2014,12-December,2-Monday,14:20,1400 Hours,District 3 (Northwest),SIOUX CITY,WOODBURY,,JACKSON ST,Collision with:  Vehicle in traffic,On Roadway,Rear-end (front to rear),Followed too close,None Indicated,,Daylight,Dry,Clear,None apparent,Non-intersection:  Non-junction/no special feature,Paved,,Property Damage Only,0,0,0,0,0,0,9000,2,3,,POINT (-96.402101407528 42.505621725806)
2014832573,2014-83896,12/08/2014,12-December,2-Monday,16:52,1600 Hours,District 6 (East Central),DAVENPORT,SCOTT,,ELMORE AVE,Collision with:  Vehicle in traffic,On Roadway,Broadside (front to side),Ran Traffic Signal,None Indicated,,Dark - roadway lighted,Dry,Cloudy,None apparent,Non-intersection:  Driveway access (within),Paved,,Property Damage Only,0,0,0,0,0,0,8000,2,2,,POINT (-90.527172184289 41.559131630941)
2014841905,2014-007768,12/08/2014,12-December,2-Monday,17:28,1700 Hours,District 6 (East Central),,BENTON,,Co Rd V40/13 AVE & B AVE,Collision with:  Animal,,,Animal,None Indicated,,,,,,,Paved,,Property Damage Only,0,0,0,0,0,0,7000,1,1,,POINT (-93.002417521057 42.385632445125)
2014832465,14-1103,12/08/2014,12-December,2-Monday,10:43,1000 Hours,District 1 (Central),WINDSOR HEIGHTS,POLK,,73RD ST,Collision with:  Vehicle in traffic,On Roadway,"Sideswipe, same direction",FTYROW:  Other (explain in narrative),None Indicated,,Daylight,Wet,Cloudy,None apparent,Intersection:  Four-way intersection,Paved,,Possible/Unknown,0,1,0,0,0,1,2200,2,3,,POINT (-93.718011519375 41.600151689188)
2014832560,14-051457,12/08/2014,12-December,2-Monday,23:57,2300 Hours,District 4 (Southwest),COUNCIL BLUFFS,POTTAWATTAMIE,,BENNETT AVE & FRANKLIN AVE,Collision with:  Vehicle in traffic,On Roadway,Broadside (front to side),Ran Traffic Signal,None Indicated,,Dark - roadway lighted,Dry,Clear,None apparent,Intersection:  Four-way intersection,Paved,,Property Damage Only,0,0,0,0,0,0,2000,2,6,,POINT (-95.820104896083 41.25314452202)
2014832824,2014013634,12/09/2014,12-December,3-Tuesday,09:09,0900 Hours,District 6 (East Central),IOWA CITY,JOHNSON,,S LINN ST,Collision with:  Vehicle in traffic,On Roadway,"Sideswipe, same direction",Other (explain in narrative):  No improper action,None Indicated,,Daylight,Dry,Clear,None apparent,Non-intersection:  Non-junction/no special feature,Paved,,Property Damage Only,0,0,0,0,0,0,2100,2,2,,POINT (-91.531669950791 41.658604823813)
2014833500,14-005329,12/09/2014,12-December,3-Tuesday,16:23,1600 Hours,District 1 (Central),ANKENY,POLK,IA 160,IA 160/SW ORALABOR RD & SW HIGHPOINT DR & DMACC BLVD,Collision with:  Vehicle in traffic,On Roadway,Rear-end (front to rear),Followed too close,None Indicated,,Daylight,Dry,Clear,None apparent,Intersection:  Four-way intersection,Paved,,Property Damage Only,0,0,0,0,0,0,3500,2,3,,POINT (-93.612582203953 41.702920951868)
2014832672,2014014237,12/09/2014,12-December,3-Tuesday,05:42,0500 Hours,District 6 (East Central),,DUBUQUE,US 52,US 52 & IA 32 & Co Rd Y35/JOHN DEERE RD S,Collision with:  Vehicle in traffic,On Roadway,Rear-end (front to rear),Followed too close,None Indicated,,Dark - roadway lighted,Dry,Cloudy,None apparent,Intersection:  Four-way intersection,Paved,,Property Damage Only,0,0,0,0,0,0,3000,2,2,,POINT (-90.693563438219 42.541524561256)
2014833701,CL14004294,12/09/2014,12-December,3-Tuesday,14:55,1400 Hours,District 6 (East Central),CLINTON,CLINTON,,8TH AVE S & ISABELL CT,Collision with:  Vehicle in traffic,On Roadway,Rear-end (front to rear),Followed too close,None Indicated,,Daylight,Dry,Cloudy,None apparent,Intersection:  T-intersection,Paved,,Property Damage Only,0,0,0,0,0,0,2500,2,2,,POINT (-90.205908942064 41.837517162378)
2014833132,CL14004297,12/09/2014,12-December,3-Tuesday,15:53,1500 Hours,District 6 (East Central),CLINTON,CLINTON,US 30,US 30/LINCOLN WAY & US 67/WASHINGTON BLVD & VALLEY WEST CT,Collision with:  Vehicle in traffic,On Roadway,Broadside (front to side),FTYROW:  Making left turn,None Indicated,,Daylight,Dry,Cloudy,None apparent,Intersection:  Four-way intersection,Paved,,Possible/Unknown,0,1,0,0,1,0,4500,2,5,,POINT (-90.24235353118 41.8155599652)
2014836652,14-005322,12/09/2014,12-December,3-Tuesday,07:22,0700 Hours,District 1 (Central),ANKENY,POLK,,SW STATE ST,Non-collision events:  Other non-collision (explain in narrative),On Roadway,Rear-end (front to rear),Swerving/Evasive Action,None Indicated,,Dawn,Dry,Clear,None apparent,Intersection:  Four-way intersection,Paved,,Property Damage Only,0,0,0,0,0,0,3000,2,2,,POINT (-93.62148223741 41.703548696017)
2014832966,14-09809PD,12/09/2014,12-December,3-Tuesday,18:09,1800 Hours,District 1 (Central),BOONE,BOONE,,Co Rd E26/W 22ND ST & Co Rd R21/NATURE RD & N DIVISION ST,Non-collision events:  Other non-collision (explain in narrative),Roadside,Non-collision (single vehicle),Improper Backing,Alcohol (Statutory),,Dark - roadway lighted,Dry,Cloudy,None apparent,Non-intersection:  Non-junction/no special feature,Paved,,Property Damage Only,0,0,0,0,0,0,1500,1,1,,POINT (-93.893207506628 42.078193780467)
2014832519,2014-84044,12/09/2014,12-December,3-Tuesday,08:06,0800 Hours,District 6 (East Central),DAVENPORT,SCOTT,,E 31ST ST & EASTERN AVE,Collision with:  Vehicle in traffic,On Roadway,Rear-end (front to rear),Lost Control,None Indicated,,Daylight,Dry,Clear,None apparent,Intersection:  T-intersection,Paved,,Possible/Unknown,0,1,0,0,1,0,6500,2,3,,POINT (-90.551389282869 41.551634522214)
2014833177,2014068534,12/09/2014,12-December,3-Tuesday,22:35,2200 Hours,District 5 (Southeast),,HENRY,US 218,US 218,Collision with:  Animal,,,Animal,None Indicated,,,,,,,Paved,,Property Damage Only,0,0,0,0,0,0,2000,1,1,,POINT (-91.564578663172 40.83035045794)
2014832745,2014013645,12/09/2014,12-December,3-Tuesday,20:33,2000 Hours,District 6 (East Central),IOWA CITY,JOHNSON,IA 1,IA 1/W BURLINGTON ST & FRONT ST,Collision with:  Vehicle in traffic,On Roadway,Rear-end (front to rear),Other (explain in narrative):  Other,None Indicated,,Dark - roadway lighted,Dry,Clear,None apparent,Non-intersection:  Non-junction/no special feature,Paved,,Property Damage Only,0,0,0,0,0,0,11000,2,5,,POINT (-91.539179911527 41.657916938847)
2014833544,14007696,12/09/2014,12-December,3-Tuesday,04:50,0400 Hours,District 2 (Northeast),,CERRO GORDO,US 65,US 65,Collision with:  Animal,,,Animal,None Indicated,,,,,,,Paved,,Property Damage Only,0,0,0,0,0,0,7000,1,1,,POINT (-93.210318817273 43.192964446192)
2014832777,14017209,12/09/2014,12-December,3-Tuesday,17:52,1700 Hours,District 5 (Southeast),CINCINNATI,APPANOOSE,IA 5,IA 5/PLEASANT ST,Collision with:  Animal,,,Animal,None Indicated,,,,,,,Paved,,Property Damage Only,0,0,0,0,0,0,5500,1,1,,POINT (-92.915713695732 40.630934326268)
2014832579,20140036424,12/09/2014,12-December,3-Tuesday,11:50,1100 Hours,District 1 (Central),DES MOINES,POLK,,HOLCOMB AVE & 6TH AVE,Collision with:  Vehicle in traffic,On Roadway,Rear-end (front to rear),Followed too close,None Indicated,,Daylight,Dry,Clear,None apparent,Non-intersection:  Non-junction/no special feature,Paved,,Possible/Unknown,0,2,0,0,1,1,3500,2,2,,POINT (-93.624740930945 41.616720218259)
2014832594,14-43559,12/09/2014,12-December,3-Tuesday,12:16,1200 Hours,District 5 (Southeast),BURLINGTON,DES MOINES,US 61,US 61 & DIVISION ST,Collision with:  Vehicle in traffic,On Roadway,Rear-end (front to rear),Other (explain in narrative):  Other,None Indicated,,Daylight,Dry,Clear,None apparent,Intersection:  Four-way intersection,Paved,,Property Damage Only,0,0,0,0,0,0,1500,2,2,,POINT (-91.141455211279 40.807671071126)
2014835532,141208BVZ01,12/09/2014,12-December,3-Tuesday,16:46,1600 Hours,District 3 (Northwest),ORANGE CITY,SIOUX,IA 10,IA 10/8TH ST SE,Collision with:  Vehicle in traffic,On Roadway,Rear-end (front to rear),Followed too close,None Indicated,,Dusk,Dry,Cloudy,None apparent,Non-intersection:  Non-junction/no special feature,Paved,,Property Damage Only,0,0,0,0,0,0,2425,2,2,,POINT (-96.056650931439 42.997527893561)
2014833117,14-37527,12/09/2014,12-December,3-Tuesday,17:51,1700 Hours,District 5 (Southeast),FORT MADISON,LEE,US 61,US 61 & Co Rd X50/GREEN BAY RD & 165 ST,Collision with:  Vehicle in traffic,On Roadway,Broadside (front to side),FTYROW:  From stop sign,None Indicated,,Dark - roadway lighted,Dry,Clear,None apparent,Intersection:  Four-way intersection,Paved,,Property Damage Only,0,0,0,0,0,0,7500,2,4,,POINT (-91.227714873842 40.717534799239)
2014832657,2014-2994,12/09/2014,12-December,3-Tuesday,15:53,1500 Hours,District 1 (Central),JEFFERSON,GREENE,,W HEAD ST & N MAPLE ST,Collision with:  Vehicle in traffic,On Roadway,Broadside (front to side),FTYROW:  At uncontrolled intersection,None Indicated,,Daylight,Dry,Cloudy,None apparent,Intersection:  Four-way intersection,Unpaved,,Property Damage Only,0,0,0,0,0,0,5500,2,2,,POINT (-94.380115909831 42.025186857332)
2014832727,20140036452,12/09/2014,12-December,3-Tuesday,16:47,1600 Hours,District 1 (Central),DES MOINES,POLK,US 69,US 69/SE 14TH ST,Collision with:  Vehicle in traffic,On Roadway,Rear-end (front to rear),Other (explain in narrative):  Other,None Indicated,,Dusk,Dry,Cloudy,None apparent,Non-intersection:  Non-junction/no special feature,Paved,,Property Damage Only,0,0,0,0,0,0,2600,3,3,,POINT (-93.596840316414 41.539207756855)
2014832670,2014-040378,12/09/2014,12-December,3-Tuesday,15:57,1500 Hours,District 6 (East Central),DUBUQUE,DUBUQUE,US 20,US 20/DODGE ST,Collision with:  Vehicle in traffic,On Roadway,Rear-end (front to rear),Lost Control,None Indicated,,Daylight,Dry,Clear,None apparent,Non-intersection:  Non-junction/no special feature,Paved,,Property Damage Only,0,0,0,0,0,0,2750,2,3,,POINT (-90.719741829817 42.492096761413)
2014833866,14021286,12/09/2014,12-December,3-Tuesday,07:47,0700 Hours,District 2 (Northeast),MASON CITY,CERRO GORDO,IA 122,IA 122/5TH ST SW,Collision with:  Vehicle in traffic,On Roadway,Head-on (front to front),Traveling wrong way or on wrong side of road,None Indicated,,Daylight,Dry,Cloudy,None apparent,Non-intersection:  Non-junction/no special feature,Paved,,Possible/Unknown,0,1,0,0,1,0,1000,2,2,,POINT (-93.207936224583 43.147296364643)
2014832658,14-051535,12/09/2014,12-December,3-Tuesday,15:46,1500 Hours,District 4 (Southwest),COUNCIL BLUFFS,POTTAWATTAMIE,I-29,I-29,Collision with:  Vehicle in traffic,On Roadway,"Sideswipe, same direction",Improper or erratic lane changing,None Indicated,,Daylight,Dry,Clear,Work Zone (roadway-related),Non-intersection:  Non-junction/no special feature,Paved,Yes,Property Damage Only,0,0,0,0,0,0,2500,2,2,,POINT (-95.893996250183 41.233026614077)