Iowa DOT Case Number,Law Enforcement Case Number,Date of Crash,Month of Crash,Day of Week,Time of Crash,Hour,DOT District,City Name,County Name,Route with System,Location Description,First Harmful Event,Location of First Harmful Event,Manner of Crash/Collision,Major Cause,Drug or Alcohol ,Environmental Conditions,Light Conditions,Surface Conditions,Weather Conditions,Roadway Contribution,Roadway Type,Roadway Surface,Work Zone,Crash Severity,Number of Fatalities,Number of Injuries,Number of Major Injuries,Number of Minor Injuries,Number of Possible Injuries,Number of Unknown Injuries,Amount of Property Damage,Number of Vehicles Involved,Total Number of Occupants,Travel Direction,Location
2014833324,14-3981,12/12/2014,12-December,6-Friday,18:27,1800 Hours,District 1 (Central),FORT DODGE,WEBSTER,,KENYON RD & TOWER DR,Collision with:  Vehicle in traffic,On Roadway,"Angle, oncoming left turn",FTYROW:  Making left turn,None Indicated,,Dark - roadway lighted,Wet,Cloudy,None apparent,Intersection:  T-intersection,Paved,,Property Damage Only,0,0,0,0,0,0,6500,2,4,,POINT (-94.202363996293 42.486181124037)
2014833312,1412122361,12/12/2014,12-December,6-Friday,06:30,0600 Hours,District 6 (East Central),,CLINTON,IA 136,IA 136/IOWA 136,Non-collision events:  Overturn/rollover,On Roadway,Non-collision (single vehicle),Swerving/Evasive Action,None Indicated,,Dark - roadway not lighted,Ice/frost,Rain,"Surface condition (e.g., wet, icy)",Non-intersection:  Non-junction/no special feature,Paved,,Minor Injury,0,1,0,1,0,0,5000,1,1,,POINT (-90.354749371552 41.958803499818)
2014835533,141215JP01,12/12/2014,12-December,6-Friday,12:40,1200 Hours,District 3 (Northwest),ORANGE CITY,SIOUX,,COLORADO AVE SW,Collision with:  Vehicle in traffic,On Roadway,"Angle, oncoming left turn",FTYROW:  Making left turn,None Indicated,,Daylight,Dry,Cloudy,None apparent,Non-intersection:  Driveway access (within),Paved,,Property Damage Only,0,0,0,0,0,0,5300,3,2,,POINT (-96.061199979421 42.999216044774)
2014833653,14011088,12/12/2014,12-December,6-Friday,17:23,1700 Hours,District 6 (East Central),,BUCHANAN,,Co Rd D47/290TH ST,Collision with:  Animal,,,Animal,None Indicated,,,,,,,Paved,,Property Damage Only,0,0,0,0,0,0,8500,1,1,,POINT (-91.856906619046 42.370981724675)
2014833522,14-017978,12/12/2014,12-December,6-Friday,07:39,0700 Hours,District 2 (Northeast),,FAYETTE,IA 150,IA 150/LINCOLN RD,Collision with:  Animal,,,Animal,None Indicated,,,,,,,Paved,,Property Damage Only,0,0,0,0,0,0,6500,1,1,,POINT (-91.810499898752 42.872468469622)
2014833685,14-8178,12/12/2014,12-December,6-Friday,20:43,2000 Hours,District 1 (Central),,POLK,IA 141,IA 141/IOWA 141,Collision with:  Animal,,,Animal,None Indicated,,,,,,,Paved,,Property Damage Only,0,0,0,0,0,0,3500,1,1,,POINT (-93.775301133616 41.726536530929)
2014833457,2014-84861,12/12/2014,12-December,6-Friday,11:57,1100 Hours,District 6 (East Central),DAVENPORT,SCOTT,,IA 461/HARRISON ST & W LOCUST ST,Collision with:  Vehicle in traffic,On Roadway,"Sideswipe, same direction",Made improper turn,None Indicated,,Daylight,Dry,Cloudy,None apparent,Non-intersection:  Non-junction/no special feature,Paved,,Property Damage Only,0,0,0,0,0,0,3500,2,5,,POINT (-90.577233957256 41.538285400634)
2014834070,201400060202,12/12/2014,12-December,6-Friday,19:36,1900 Hours,District 5 (Southeast),OTTUMWA,WAPELLO,,PENNSYLVANIA AVE,Collision with:  Vehicle in traffic,On Roadway,Rear-end (front to rear),Other (explain in narrative):  Other,Alcohol (Statutory),,Dark - unknown roadway lighting,Dry,Cloudy,None apparent,Non-intersection:  Non-junction/no special feature,Paved,,Property Damage Only,0,0,0,0,0,0,6000,2,2,,POINT (-92.389878060747 41.027490132548)
2014833307,14-44000,12/12/2014,12-December,6-Friday,19:04,1900 Hours,District 5 (Southeast),BURLINGTON,DES MOINES,US 61,US 61,Collision with:  Vehicle in traffic,On Roadway,Rear-end (front to rear),Followed too close,None Indicated,,Dark - roadway lighted,Dry,Cloudy,None apparent,Non-intersection:  Non-junction/no special feature,Paved,,Property Damage Only,0,0,0,0,0,0,4000,2,3,,POINT (-91.141402463216 40.815507036593)
2014833320,CL14004331,12/12/2014,12-December,6-Friday,15:16,1500 Hours,District 6 (East Central),CLINTON,CLINTON,US 30,US 30/LINCOLN WAY & CENTRAL STEEL RD & MILL CREEK PKWY,Collision with:  Vehicle in traffic,On Roadway,"Angle, oncoming left turn",Ran Traffic Signal,None Indicated,,Daylight,Dry,Cloudy,None apparent,Intersection:  Four-way intersection,Paved,,Property Damage Only,0,0,0,0,0,0,8000,2,3,,POINT (-90.257529152227 41.815392208709)
2014843253,731212144A,12/12/2014,12-December,6-Friday,09:40,0900 Hours,District 4 (Southwest),,PAGE,US 71,US 71 & Co Rd J35/210 ST & Co Rd JO35,Collision with:  Vehicle in traffic,On Roadway,Broadside (front to side),Ran Stop Sign,None Indicated,,Daylight,Dry,Cloudy,None apparent,Intersection:  Four-way intersection,Paved,,Minor Injury,0,2,0,2,0,0,8500,2,2,,POINT (-95.005657386182 40.739269847738)
2014834961,14-019523,12/12/2014,12-December,6-Friday,21:04,2100 Hours,District 2 (Northeast),RUDD,FLOYD,US 18,US 18,Collision with fixed object:  Ditch,On Roadway,Non-collision (single vehicle),Swerving/Evasive Action,None Indicated,,Dark - roadway not lighted,Slush,Rain,None apparent,Non-intersection:  Other non-intersection (explain in narrative),Paved,,Possible/Unknown,0,1,0,0,1,0,5000,1,1,,POINT (-92.89546267667 43.120467941069)
2014834041,2014069235,12/12/2014,12-December,6-Friday,05:30,0500 Hours,District 2 (Northeast),,BREMER,US 63,US 63,Collision with fixed object:  Other fixed object (explain in narrative),Roadside,Non-collision (single vehicle),Ran off road - right,None Indicated,,Dark - roadway not lighted,Ice/frost,"Sleet, hail","Surface condition (e.g., wet, icy)",Non-intersection:  Non-junction/no special feature,Paved,,Property Damage Only,0,0,0,0,0,0,2500,1,1,,POINT (-92.337239703095 42.807415902516)
2014833209,14-32722,12/12/2014,12-December,6-Friday,08:33,0800 Hours,District 1 (Central),NEWTON,JASPER,,N 2ND AVE E & E 3RD ST N,Collision with:  Vehicle in traffic,On Roadway,Broadside (front to side),FTYROW:  From stop sign,None Indicated,,Daylight,Dry,Cloudy,None apparent,Intersection:  Four-way intersection,Paved,,Property Damage Only,0,0,0,0,0,0,4500,2,2,,POINT (-93.051066744759 41.700498083658)
2014834030,2014069013,12/12/2014,12-December,6-Friday,18:50,1800 Hours,District 1 (Central),ANKENY,POLK,I-35,I-35,Collision with:  Vehicle in traffic,On Roadway,Rear-end (front to rear),Driving too fast for conditions,None Indicated,,Dark - roadway not lighted,Dry,Clear,None apparent,Non-intersection:  Non-junction/no special feature,Paved,,Possible/Unknown,0,1,0,0,1,0,2000,2,3,,POINT (-93.575961780468 41.693625859653)
2014833313,1412122711,12/12/2014,12-December,6-Friday,06:20,0600 Hours,District 6 (East Central),,CLINTON,US 61,US 61,Collision with fixed object:  Ditch,On Roadway,Non-collision (single vehicle),Crossed centerline (undivided),None Indicated,,Dark - roadway not lighted,Ice/frost,"Sleet, hail","Surface condition (e.g., wet, icy)",Non-intersection:  Non-junction/no special feature,Paved,,Possible/Unknown,0,1,0,0,1,0,10000,1,1,,POINT (-90.567803086032 41.767907800692)
2014834820,2014068591,12/12/2014,12-December,6-Friday,11:30,1100 Hours,District 5 (Southeast),,WAPELLO,IA 16,IA 16/IOWA 16/Co Rd V43 & 73RD ST,Collision with:  Vehicle in traffic,On Roadway,Broadside (front to side),Ran Stop Sign,None Indicated,,Daylight,Dry,Cloudy,None apparent,Intersection:  Four-way intersection,Paved,,Property Damage Only,0,0,0,0,0,0,7000,2,3,,POINT (-92.236825345148 40.995284123905)
2014833358,2014-040458,12/12/2014,12-December,6-Friday,04:21,0400 Hours,District 6 (East Central),DUBUQUE,DUBUQUE,IA 32,IA 32 & W 32ND ST,Collision with fixed object:  Traffic sign support,Roadside,Non-collision (single vehicle),Ran off road - right,None Indicated,,Dark - roadway not lighted,Wet,Rain,"Surface condition (e.g., wet, icy)",Non-intersection:  Other non-intersection (explain in narrative),Paved,,Property Damage Only,0,0,0,0,0,0,1500,1,1,,POINT (-90.722294303 42.5260162363)
2014833386,S14-004922,12/12/2014,12-December,6-Friday,23:37,2300 Hours,District 4 (Southwest),CARTER LAKE,POTTAWATTAMIE,,AVE H,Collision with:  Vehicle in traffic,On Roadway,"Sideswipe, same direction",Ran off road - right,None Indicated,,Dark - roadway lighted,Dry,Clear,None apparent,Non-intersection:  Non-junction/no special feature,Paved,,Property Damage Only,0,0,0,0,0,0,10000,2,2,,POINT (-95.916976244044 41.28131444904)
2014833672,S14-L1201,12/12/2014,12-December,6-Friday,18:40,1800 Hours,District 5 (Southeast),,CLARKE,,Co Rd H28/MIAMI ST & 270 AVE,Collision with fixed object:  Ditch,On Roadway,Non-collision (single vehicle),Ran off road - right,None Indicated,,Dark - roadway not lighted,"Mud, dirt",Clear,"Surface condition (e.g., wet, icy)",Non-intersection:  Non-junction/no special feature,Unpaved,,Property Damage Only,0,0,0,0,0,0,3000,1,1,,POINT (-93.692803125162 41.081692718935)
2014835743,1412120725,12/12/2014,12-December,6-Friday,07:25,0700 Hours,District 6 (East Central),,JONES,,Co Rd X31/CO RD X-31,Non-collision events:  Other non-collision (explain in narrative),On Roadway,Non-collision (single vehicle),Swerving/Evasive Action,None Indicated,,Dawn,Ice/frost,Cloudy,"Surface condition (e.g., wet, icy)",Non-intersection:  Non-junction/no special feature,Paved,,Property Damage Only,0,0,0,0,0,0,10000,1,1,,POINT (-91.314762259263 42.172873764164)
2014833461,2014-84892,12/12/2014,12-December,6-Friday,15:08,1500 Hours,District 6 (East Central),DAVENPORT,SCOTT,,N DIVISION ST & NORTHWEST BLVD & PROP W 61ST ST,Collision with:  Vehicle in traffic,On Roadway,Rear-end (front to rear),FTYROW:  Other (explain in narrative),None Indicated,,Daylight,Wet,Cloudy,None apparent,Intersection:  Four-way intersection,Paved,,Property Damage Only,0,0,0,0,0,0,5000,3,4,,POINT (-90.600200646349 41.583655139387)
2014833397,2014068927,12/12/2014,12-December,6-Friday,07:55,0700 Hours,District 6 (East Central),,BUCHANAN,,Co Rd W45/SLATER AVE,Collision with fixed object:  Culvert/pipe opening,Roadside,Non-collision (single vehicle),Driving too fast for conditions,None Indicated,,Daylight,Ice/frost,Cloudy,"Surface condition (e.g., wet, icy)",Non-intersection:  Non-junction/no special feature,Paved,,Possible/Unknown,0,1,0,0,1,0,3800,1,1,,POINT (-91.726795133903 42.603110341698)
2014835875,14-1440,12/12/2014,12-December,6-Friday,20:09,2000 Hours,District 1 (Central),PLEASANT HILL,POLK,,E OAKWOOD DR & HICKORY BLVD & N HICKORY BLVD,Collision with:  Vehicle in traffic,On Roadway,Broadside (front to side),FTYROW:  From stop sign,None Indicated,,Dark - roadway lighted,Dry,Cloudy,None apparent,Intersection:  Four-way intersection,Paved,,Property Damage Only,0,0,0,0,0,0,5700,2,2,,POINT (-93.514633218674 41.590397249327)
2014833460,2014-84890,12/12/2014,12-December,6-Friday,14:31,1400 Hours,District 6 (East Central),DAVENPORT,SCOTT,,W LOCUST ST,Collision with:  Vehicle in traffic,On Roadway,Rear-end (front to rear),Lost Control,None Indicated,,Daylight,Dry,Cloudy,None apparent,Non-intersection:  Driveway access (within),Paved,,Property Damage Only,0,0,0,0,0,0,6500,3,4,,POINT (-90.61165076136 41.538240212633)
2014833663,14-6289,12/12/2014,12-December,6-Friday,17:14,1700 Hours,District 1 (Central),WEST DES MOINES,POLK,I-35,I-35,Collision with:  Vehicle in traffic,On Roadway,Rear-end (front to rear),Other (explain in narrative):  Other,None Indicated,,Dark - roadway lighted,Dry,Cloudy,None apparent,Non-intersection:  Non-junction/no special feature,Paved,,Possible/Unknown,0,3,0,0,3,0,2500,3,6,,POINT (-93.776992076695 41.599290812081)
2014834281,S14-120843,12/12/2014,12-December,6-Friday,07:09,0700 Hours,District 2 (Northeast),,BLACK HAWK,,Co Rd V49/S RAYMOND RD,Non-collision events:  Overturn/rollover,On Roadway,Non-collision (single vehicle),Crossed centerline (undivided),None Indicated,,Dawn,Ice/frost,Rain,"Surface condition (e.g., wet, icy)",Non-intersection:  Other non-intersection (explain in narrative),Paved,,Minor Injury,0,1,0,1,0,0,5000,1,1,,POINT (-92.219508854669 42.449205384208)
2014833241,14-120845,12/12/2014,12-December,6-Friday,07:42,0700 Hours,District 2 (Northeast),LA PORTE CITY,BLACK HAWK,,BISHOP AVE,Collision with:  Parked motor vehicle,On Roadway,Broadside (front to side),FTYROW:  From driveway,None Indicated,,Daylight,Dry,Clear,None apparent,Non-intersection:  Driveway access (within),Paved,,Property Damage Only,0,0,0,0,0,0,2500,2,1,,POINT (-92.184697163024 42.311828942091)
2014833494,201418514,12/12/2014,12-December,6-Friday,22:16,2200 Hours,District 6 (East Central),CEDAR RAPIDS,LINN,,16TH AVE SW,Collision with:  Vehicle in traffic,On Roadway,"Sideswipe, opposite direction",Crossed centerline (undivided),Alcohol (Statutory),,Dark - roadway lighted,Wet,Clear,None apparent,Non-intersection:  Other non-intersection (explain in narrative),Paved,,Possible/Unknown,0,1,0,0,1,0,13000,2,2,,POINT (-91.659407690998 41.966483231062)
2014833931,14-1523,12/12/2014,12-December,6-Friday,15:30,1500 Hours,District 1 (Central),CLIVE,POLK,,UNIVERSITY AVE,Collision with:  Vehicle in traffic,On Roadway,"Angle, oncoming left turn",FTYROW:  Making left turn,None Indicated,,Daylight,Dry,Cloudy,None apparent,Intersection:  Intersection with ramp,Paved,,Minor Injury,0,1,0,1,0,0,9000,2,2,,POINT (-93.775097872782 41.600438505846)
2014833470,PD14-11862,12/12/2014,12-December,6-Friday,15:30,1500 Hours,District 1 (Central),MARSHALLTOWN,MARSHALL,,S CENTER ST,Collision with:  Vehicle in traffic,On Roadway,Rear-end (front to rear),Driver Distraction:  Manual operation of an electronic communication device,None Indicated,,Daylight,Dry,Cloudy,None apparent,Non-intersection:  Other non-intersection (explain in narrative),Paved,,Property Damage Only,0,0,0,0,0,0,13000,2,2,,POINT (-92.912813943966 42.040161479664)
2014837053,14120236,12/12/2014,12-December,6-Friday,17:38,1700 Hours,District 5 (Southeast),,MONROE,US 34,US 34,Collision with:  Animal,,,Animal,None Indicated,,,,,,,Paved,,Property Damage Only,0,0,0,0,0,0,1500,1,1,,POINT (-92.662684094161 41.015873826987)
2014834188,2014069066,12/12/2014,12-December,6-Friday,18:30,1800 Hours,District 3 (Northwest),,SIOUX,,Co Rd B30/360TH ST,Non-collision events:  Overturn/rollover,Shoulder,Non-collision (single vehicle),Ran off road - right,None Indicated,,Dark - roadway lighted,Wet,Rain,None apparent,Non-intersection:  Non-junction/no special feature,Paved,,Possible/Unknown,0,1,0,0,1,0,7950,1,1,,POINT (-96.405103290555 43.135174527733)
2014833315,1412122772,12/12/2014,12-December,6-Friday,06:30,0600 Hours,District 6 (East Central),,CLINTON,,Co Rd Z36/380 AVE,Non-collision events:  Overturn/rollover,Outside trafficway,Non-collision (single vehicle),Swerving/Evasive Action,None Indicated,,Dark - roadway not lighted,Ice/frost,"Fog, smoke, smog","Surface condition (e.g., wet, icy)",Non-intersection:  Non-junction/no special feature,Paved,,Property Damage Only,0,0,0,0,0,0,4050,1,1,,POINT (-90.354614366577 41.855846490344)
2014833752,138-14,12/12/2014,12-December,6-Friday,22:00,2200 Hours,District 4 (Southwest),,MADISON,,Co Rd G53/260TH ST,Collision with fixed object:  Tree,On Roadway,Non-collision (single vehicle),Swerving/Evasive Action,None Indicated,,Dark - roadway not lighted,Dry,Clear,None apparent,Non-intersection:  Non-junction/no special feature,Unpaved,,Property Damage Only,0,0,0,0,0,0,6000,1,1,,POINT (-93.883430806477 41.269336877892)
2014833570,20140036758,12/12/2014,12-December,6-Friday,19:00,1900 Hours,District 1 (Central),DES MOINES,POLK,US 69,US 69/SE 14TH ST,Collision with:  Vehicle in traffic,On Roadway,"Sideswipe, opposite direction",FTYROW:  Making left turn,None Indicated,,Dark - roadway lighted,Dry,Clear,None apparent,Non-intersection:  Driveway access (within),Paved,,Possible/Unknown,0,1,0,0,1,0,14000,2,2,,POINT (-93.596865100124 41.537991639259)
2014835418,EPD144769,12/12/2014,12-December,6-Friday,04:43,0400 Hours,District 1 (Central),ELDORA,HARDIN,,11TH AVE & 8TH ST,Collision with:  Animal,On Roadway,Non-collision (single vehicle),Animal,None Indicated,,Dark - roadway lighted,Dry,Clear,None apparent,Non-intersection:  Non-junction/no special feature,Paved,,Property Damage Only,0,0,0,0,0,0,3000,1,1,,POINT (-93.09335011348 42.362511890381)
2014833606,20140036773,12/12/2014,12-December,6-Friday,22:08,2200 Hours,District 1 (Central),DES MOINES,POLK,I-235,I-235,Collision with fixed object:  Curb/island/raised median,On Roadway,Non-collision (single vehicle),Ran off road - left,None Indicated,,Dark - roadway lighted,Wet,Cloudy,None apparent,Interchange-related:  On-ramp merge area,Paved,,Minor Injury,0,1,0,1,0,0,2500,1,1,,POINT (-93.572615736439 41.627953448301)
2014839044,1409901PD,12/12/2014,12-December,6-Friday,17:21,1700 Hours,District 1 (Central),BOONE,BOONE,,S STORY ST,Collision with:  Vehicle in traffic,On Roadway,"Sideswipe, same direction",Lost Control,None Indicated,,Dark - roadway lighted,Dry,Cloudy,None apparent,Non-intersection:  Non-junction/no special feature,Paved,,Possible/Unknown,0,1,0,0,1,0,3500,2,3,,POINT (-93.879964644578 42.059454603719)
2014833923,14-031212-01,12/12/2014,12-December,6-Friday,19:00,1900 Hours,District 6 (East Central),,IOWA,,Co Rd W22/U AVE,Non-collision events:  Overturn/rollover,Shoulder,Non-collision (single vehicle),Ran off road - right,None Indicated,,Dark - roadway not lighted,"Mud, dirt",Cloudy,"Shoulders (none, low, soft, high)",Non-intersection:  Non-junction/no special feature,Unpaved,,Possible/Unknown,0,1,0,0,1,0,8000,1,1,,POINT (-91.90890329154 41.827703450738)
2014835975,2014-84790,12/12/2014,12-December,6-Friday,03:08,0300 Hours,District 6 (East Central),DAVENPORT,SCOTT,I-80,I-80,Non-collision events:  Other non-collision (explain in narrative),On Roadway,Non-collision (single vehicle),Driving too fast for conditions,None Indicated,,Dark - roadway lighted,Ice/frost,Rain,"Surface condition (e.g., wet, icy)",Interchange-related:  Off-ramp,Paved,,Possible/Unknown,0,1,0,0,1,0,15000,1,1,,POINT (-90.674092946802 41.601377077468)
2014833839,14-40506,12/12/2014,12-December,6-Friday,12:59,1200 Hours,District 3 (Northwest),SIOUX CITY,WOODBURY,,STONE PARK BLVD & HAMILTON BLVD,Collision with:  Vehicle in traffic,On Roadway,Broadside (front to side),Ran Traffic Signal,None Indicated,,Daylight,Dry,Cloudy,None apparent,Intersection:  Four-way intersection,Paved,,Possible/Unknown,0,1,0,0,1,0,16000,2,3,,POINT (-96.415262059805 42.525588898602)
2014834187,2014069018,12/12/2014,12-December,6-Friday,18:35,1800 Hours,District 5 (Southeast),,WASHINGTON,US 218,US 218 & 335TH ST,Collision with:  Animal,,,Animal,None Indicated,,,,,,,Paved,,Property Damage Only,0,0,0,0,0,0,3000,1,1,,POINT (-91.541414403355 41.170186394684)
2014833664,14-6281,12/12/2014,12-December,6-Friday,09:10,0900 Hours,District 1 (Central),WEST DES MOINES,POLK,,8TH ST,Collision with:  Vehicle in traffic,On Roadway,Broadside (front to side),FTYROW:  From stop sign,None Indicated,,Daylight,Dry,Cloudy,None apparent,Non-intersection:  Driveway access (within),Paved,,Possible/Unknown,0,1,0,0,1,0,9700,2,2,,POINT (-93.713225920702 41.589462886161)
2014833682,143771,12/12/2014,12-December,6-Friday,15:15,1500 Hours,District 3 (Northwest),DENISON,CRAWFORD,,N 16TH ST,Collision with:  Vehicle in traffic,On Roadway,Rear-end (front to rear),Followed too close,None Indicated,,Daylight,Dry,Clear,None apparent,Non-intersection:  Non-junction/no special feature,Paved,,Possible/Unknown,0,1,0,0,1,0,4500,2,4,,POINT (-95.349644923716 42.023875052376)
2014835286,2014-23944,12/12/2014,12-December,6-Friday,04:21,0400 Hours,District 6 (East Central),BETTENDORF,SCOTT,I-74,I-74,Collision with fixed object:  Guardrail - face,On Roadway,Non-collision (single vehicle),Driving too fast for conditions,None Indicated,,Dark - roadway lighted,Ice/frost,"Sleet, hail",None apparent,Interchange-related:  On-ramp merge area,Paved,,Possible/Unknown,0,1,0,0,1,0,200,1,1,,POINT (-90.513968507291 41.524766709461)
2014835414,ACC14-030,12/12/2014,12-December,6-Friday,17:22,1700 Hours,District 2 (Northeast),CRESCO,HOWARD,,8TH AVE W & DIVISION ST,Collision with:  Vehicle in traffic,On Roadway,Rear-end (front to rear),Driver Distraction:  Inattentive/lost in thought,None Indicated,,Dark - roadway lighted,Dry,Clear,None apparent,Non-intersection:  Non-junction/no special feature,Paved,,Property Damage Only,0,0,0,0,0,0,8000,2,1,,POINT (-92.115297610687 43.381552469699)
2014833868,14021497,12/12/2014,12-December,6-Friday,08:15,0800 Hours,District 2 (Northeast),MASON CITY,CERRO GORDO,,13TH ST SE,Collision with:  Parked motor vehicle,On Roadway,Broadside (front to side),Improper Backing,None Indicated,,Daylight,Dry,Clear,None apparent,Non-intersection:  Driveway access (within),Paved,,Property Damage Only,0,0,0,0,0,0,1700,2,1,,POINT (-93.184890050151 43.139285578491)
2014833605,20140036769,12/12/2014,12-December,6-Friday,21:20,2100 Hours,District 1 (Central),DES MOINES,POLK,,BEAVER AVE,Collision with:  Vehicle in traffic,On Roadway,Rear-end (front to rear),Followed too close,None Indicated,,Dark - roadway lighted,Dry,"Fog, smoke, smog",None apparent,Non-intersection:  Non-junction/no special feature,Paved,,Property Damage Only,0,0,0,0,0,0,3500,3,5,,POINT (-93.675049364469 41.624046883136)
2014833365,2014-040490,12/12/2014,12-December,6-Friday,22:20,2200 Hours,District 6 (East Central),DUBUQUE,DUBUQUE,US 20,US 20/DODGE ST,Collision with:  Vehicle in traffic,On Roadway,Rear-end (front to rear),Lost Control,None Indicated,,Dark - roadway lighted,Dry,Clear,None apparent,Non-intersection:  Non-junction/no special feature,Paved,,Property Damage Only,0,0,0,0,0,0,1600,2,3,,POINT (-90.694506919291 42.490727150307)
2014834031,2014069034,12/12/2014,12-December,6-Friday,22:20,2200 Hours,District 6 (East Central),DAVENPORT,SCOTT,,IA 461/HARRISON ST & W LOCUST ST,Collision with:  Vehicle in traffic,Roadside,Broadside (front to side),Ran Traffic Signal,None Indicated,,Dark - roadway lighted,Dry,Clear,None apparent,Intersection:  Four-way intersection,Paved,,Property Damage Only,0,0,0,0,0,0,3000,2,2,,POINT (-90.577233957256 41.538285400634)
2014833327,C14003942,12/12/2014,12-December,6-Friday,16:00,1600 Hours,District 6 (East Central),CORALVILLE,JOHNSON,,CORAL RIDGE AVE,Collision with:  Vehicle in traffic,On Roadway,Rear-end (front to rear),Driving too fast for conditions,None Indicated,,Dusk,Dry,Cloudy,Work Zone (roadway-related),Non-intersection:  Non-junction/no special feature,Paved,Yes,Property Damage Only,0,0,0,0,0,0,5100,3,13,,POINT (-91.608236598457 41.702042964078)
2014833558,201418456,12/12/2014,12-December,6-Friday,04:03,0400 Hours,District 6 (East Central),CEDAR RAPIDS,LINN,,C AVE NW,Collision with:  Vehicle in traffic,On Roadway,Head-on (front to front),Crossed centerline (undivided),None Indicated,,Dark - roadway not lighted,Dry,Clear,None apparent,Non-intersection:  Non-junction/no special feature,Paved,,Property Damage Only,0,0,0,0,0,0,10100,3,1,,POINT (-91.68412152768 41.975937772533)
2014834071,201400060215,12/12/2014,12-December,6-Friday,21:48,2100 Hours,District 5 (Southeast),OTTUMWA,WAPELLO,IA 149,IA 149/IOWA 149,Collision with:  Vehicle in traffic,On Roadway,Non-collision (single vehicle),Animal,None Indicated,,Dark - roadway not lighted,Dry,Clear,None apparent,Non-intersection:  Non-junction/no special feature,Paved,,Property Damage Only,0,0,0,0,0,0,2000,1,4,,POINT (-92.410044154923 41.077698116469)
2014833689,S14-121000,12/12/2014,12-December,6-Friday,16:55,1600 Hours,District 2 (Northeast),RAYMOND,BLACK HAWK,,OLD US 20,Collision with:  Animal,On Roadway,Non-collision (single vehicle),Animal,None Indicated,,Dusk,Dry,Clear,None apparent,Non-intersection:  Non-junction/no special feature,Paved,,Property Damage Only,0,0,0,0,0,0,2500,1,2,,POINT (-92.235385916066 42.464577355709)
2014834458,,12/12/2014,12-December,6-Friday,17:11,1700 Hours,District 5 (Southeast),,HENRY,,IOWA AVE,Collision with:  Animal,On Roadway,Non-collision (single vehicle),Animal,None Indicated,,Dusk,Dry,Cloudy,,Non-intersection:  Non-junction/no special feature,Paved,,Property Damage Only,0,0,0,0,0,0,2812,1,1,,POINT (-91.551048766797 41.008061301304)
2014834251,14-23989,12/12/2014,12-December,6-Friday,17:31,1700 Hours,District 6 (East Central),BETTENDORF,SCOTT,,MIDDLE RD,Collision with:  Vehicle in traffic,On Roadway,Broadside (front to side),FTYROW:  Making left turn,None Indicated,,Dark - roadway lighted,Dry,Clear,None apparent,Non-intersection:  Driveway access (within),Paved,,Property Damage Only,0,0,0,0,0,0,8000,2,3,,POINT (-90.484700711626 41.551085866716)
2014833066,C14003938,12/12/2014,12-December,6-Friday,07:20,0700 Hours,District 6 (East Central),CORALVILLE,JOHNSON,,9TH ST & E 9TH ST & 1ST AVE,Collision with:  Vehicle in traffic,On Roadway,Rear-end (front to rear),FTYROW:  Other (explain in narrative),None Indicated,,Daylight,Dry,Cloudy,None apparent,Non-intersection:  Non-junction/no special feature,Paved,,Property Damage Only,0,0,0,0,0,0,4400,3,3,,POINT (-91.565734997917 41.681696273794)
2014834799,201404597,12/12/2014,12-December,6-Friday,23:00,2300 Hours,District 6 (East Central),,LINN,,FOX HOLLOW RD,Collision with fixed object:  Culvert/pipe opening,Roadside,Non-collision (single vehicle),Ran off road - straight,None Indicated,,Dark - roadway not lighted,"Mud, dirt",Clear,None apparent,Non-intersection:  Other non-intersection (explain in narrative),Unpaved,,Property Damage Only,0,0,0,0,0,0,5000,1,1,,POINT (-91.522181643106 42.004093337744)
2014833528,14-23988,12/12/2014,12-December,6-Friday,04:43,0400 Hours,District 2 (Northeast),,BREMER,US 63,US 63/US 63 SB ENTR RAMP C/US 63 SB EXIT RAMP A & IA 3/IOWA 3,Collision with fixed object:  Bridge overhead structure,On Roadway,Non-collision (single vehicle),Crossed centerline (undivided),None Indicated,,Dark - roadway not lighted,Ice/frost,Rain,"Surface condition (e.g., wet, icy)",Non-intersection:  Other non-intersection (explain in narrative),Paved,,Property Damage Only,0,0,0,0,0,0,4500,1,1,,POINT (-92.339071679608 42.714526577308)
2014833346,14-2771,12/12/2014,12-December,6-Friday,17:55,1700 Hours,District 1 (Central),URBANDALE,POLK,US 6,US 6/HICKMAN RD,Collision with:  Vehicle in traffic,On Roadway,Rear-end (front to rear),Followed too close,None Indicated,,Dark - roadway lighted,Dry,Clear,None apparent,Non-intersection:  Non-junction/no special feature,Paved,,Property Damage Only,0,0,0,0,0,0,6100,3,4,,POINT (-93.781692162715 41.614886416371)
2014833354,2014-014357,12/12/2014,12-December,6-Friday,11:32,1100 Hours,District 6 (East Central),DUBUQUE,DUBUQUE,,Co Rd D29/NORTH CASCADE RD,Collision with:  Animal,,,Animal,None Indicated,,,,,,,Paved,,Property Damage Only,0,0,0,0,0,0,3000,1,1,,POINT (-90.709315840853 42.473373924501)