Iowa DOT Case Number,Law Enforcement Case Number,Date of Crash,Month of Crash,Day of Week,Time of Crash,Hour,DOT District,City Name,County Name,Route with System,Location Description,First Harmful Event,Location of First Harmful Event,Manner of Crash/Collision,Major Cause,Drug or Alcohol ,Environmental Conditions,Light Conditions,Surface Conditions,Weather Conditions,Roadway Contribution,Roadway Type,Roadway Surface,Work Zone,Crash Severity,Number of Fatalities,Number of Injuries,Number of Major Injuries,Number of Minor Injuries,Number of Possible Injuries,Number of Unknown Injuries,Amount of Property Damage,Number of Vehicles Involved,Total Number of Occupants,Travel Direction,Location
2014837224,2014069057,12/13/2014,12-December,7-Saturday,06:02,0600 Hours,District 6 (East Central),,IOWA,I-80,I-80,Collision with:  Vehicle in traffic,On Roadway,Rear-end (front to rear),Ran off road - right,Refused,,Dark - roadway not lighted,Wet,Rain,None apparent,Non-intersection:  Non-junction/no special feature,Paved,,Minor Injury,0,1,0,1,0,0,11600,2,3,,POINT (-91.941117268553 41.687858033151)
2014833669,C14003947,12/13/2014,12-December,7-Saturday,11:20,1100 Hours,District 6 (East Central),CORALVILLE,JOHNSON,US 6,US 6/2ND ST & 23RD AVE,Collision with:  Vehicle in traffic,On Roadway,Rear-end (front to rear),Followed too close,None Indicated,,Daylight,Wet,Cloudy,None apparent,Intersection:  T-intersection,Paved,,Property Damage Only,0,0,0,0,0,0,7000,2,5,,POINT (-91.597886620868 41.682777606123)
2014833779,14-13147,12/13/2014,12-December,7-Saturday,00:00,0000 Hours,District 3 (Northwest),LAWTON,WOODBURY,,BIRCH ST,Collision with:  Parked motor vehicle,On Roadway,"Sideswipe, same direction",Unknown,None Indicated,,Dark - roadway lighted,Dry,Cloudy,None apparent,Non-intersection:  Non-junction/no special feature,Paved,,Property Damage Only,0,0,0,0,0,0,2700,2,1,,POINT (-96.177608292154 42.477585242506)
2014834801,201404610,12/13/2014,12-December,7-Saturday,21:38,2100 Hours,District 6 (East Central),MARION,LINN,US 151,US 151/DUBUQUE RD,Collision with:  Vehicle in traffic,On Roadway,"Sideswipe, same direction",Made improper turn,None Indicated,,Dark - roadway not lighted,Wet,Rain,None apparent,Non-intersection:  Crossover-related,Paved,,Minor Injury,0,1,0,1,0,0,7000,2,4,,POINT (-91.537811088274 42.036058837083)
2014834371,2014-85153,12/13/2014,12-December,7-Saturday,18:01,1800 Hours,District 6 (East Central),DAVENPORT,SCOTT,,E 53RD ST & UTICA RIDGE RD,Collision with:  Vehicle in traffic,On Roadway,"Angle, oncoming left turn",FTYROW:  Making left turn,None Indicated,,Dark - roadway lighted,Dry,Clear,None apparent,Intersection:  Four-way intersection,Paved,,Possible/Unknown,0,1,0,0,1,0,6000,2,5,,POINT (-90.513376500316 41.574919231094)
2014834053,14-14318,12/13/2014,12-December,7-Saturday,10:20,1000 Hours,District 3 (Northwest),,SIOUX,US 18,US 18/US 75,Collision with fixed object:  Ditch,On Roadway,Non-collision (single vehicle),FTYROW:  From stop sign,None Indicated,,Daylight,Wet,Cloudy,None apparent,Intersection:  Four-way intersection,Paved,,Minor Injury,0,2,0,1,1,0,10400,2,4,,POINT (-96.177271466143 43.185809214391)
2014835412,2014-001925,12/13/2014,12-December,7-Saturday,19:19,1900 Hours,District 6 (East Central),BELLE PLAINE,BENTON,,,Collision with:  Animal,,,Animal,None Indicated,,,,,,,,,Property Damage Only,0,0,0,0,0,0,1500,1,1,,POINT (-96.643700149993 40.233091251414)
2014833283,14-3995,12/13/2014,12-December,7-Saturday,20:52,2000 Hours,District 1 (Central),FORT DODGE,WEBSTER,,2ND AVE N & N 14TH ST,Collision with:  Vehicle in traffic,On Roadway,Broadside (front to side),Other (explain in narrative):  Other,None Indicated,,Dark - roadway lighted,Wet,Cloudy,None apparent,Non-intersection:  Non-junction/no special feature,Paved,,Property Damage Only,0,0,0,0,0,0,8000,2,6,,POINT (-94.179588375718 42.508301709108)
2014833718,14-14323,12/13/2014,12-December,7-Saturday,14:22,1400 Hours,District 3 (Northwest),,SIOUX,,Co Rd K64/JACKSON AVE,Collision with fixed object:  Ditch,On Roadway,Non-collision (single vehicle),Ran off road - left,Alcohol (Statutory),,Daylight,Wet,Cloudy,None apparent,Non-intersection:  Non-junction/no special feature,Paved,,Possible/Unknown,0,1,0,0,1,0,4000,1,1,,POINT (-96.056926669383 42.947186977289)
2014833480,20140036858,12/13/2014,12-December,7-Saturday,17:55,1700 Hours,District 1 (Central),DES MOINES,POLK,,FLEUR DR,Collision with:  Vehicle in traffic,On Roadway,Rear-end (front to rear),Followed too close,None Indicated,,Dark - roadway lighted,Wet,Cloudy,"Surface condition (e.g., wet, icy)",Non-intersection:  Non-junction/no special feature,Paved,,Property Damage Only,0,0,0,0,0,0,5500,2,4,,POINT (-93.644944348168 41.571176139519)
2014833525,14-018060,12/13/2014,12-December,7-Saturday,19:01,1900 Hours,District 2 (Northeast),CLERMONT,FAYETTE,US 18,US 18/HARDING RD,Collision with:  Animal,,,Animal,None Indicated,,,,,,,Paved,,Property Damage Only,0,0,0,0,0,0,1500,1,1,,POINT (-91.645177195905 43.009551372854)
2014833698,14-005385,12/13/2014,12-December,7-Saturday,10:31,1000 Hours,District 1 (Central),ANKENY,POLK,US 69,US 69/S ANKENY BLVD,Collision with:  Vehicle in traffic,On Roadway,"Angle, oncoming left turn",Crossed centerline (undivided),None Indicated,,Daylight,Wet,Cloudy,None apparent,Non-intersection:  Driveway access (within),Paved,,Property Damage Only,0,0,0,0,0,0,6500,2,3,,POINT (-93.600437009272 41.728096728256)
2014833665,14-1114,12/13/2014,12-December,7-Saturday,10:08,1000 Hours,District 1 (Central),WINDSOR HEIGHTS,POLK,,COLBY AVE & 68TH ST,Collision with:  Vehicle in traffic,On Roadway,Rear-end (front to rear),Other (explain in narrative):  Vision obstructed,None Indicated,,Daylight,Wet,Rain,None apparent,Intersection:  Four-way intersection,Paved,,Property Damage Only,0,0,0,0,0,0,2000,2,2,,POINT (-93.711111285759 41.604491017244)
2014833925,14-061213-01,12/13/2014,12-December,7-Saturday,11:25,1100 Hours,District 6 (East Central),,IOWA,,Co Rd V77/P AVE,Collision with:  Animal,,,Animal,None Indicated,,,,,,,Paved,,Property Damage Only,0,0,0,0,0,0,4000,1,1,,POINT (-92.006734388839 41.74029698225)
2014833847,14-40661,12/13/2014,12-December,7-Saturday,18:51,1800 Hours,District 3 (Northwest),SIOUX CITY,WOODBURY,,MORNINGSIDE AVE & S LAKEPORT ST & S PALMETTO ST,Collision with:  Vehicle in traffic,On Roadway,Broadside (front to side),Lost Control,None Indicated,,Dark - roadway lighted,Wet,Rain,None apparent,Intersection:  Four-way intersection,Paved,,Property Damage Only,0,0,0,0,0,0,1900,2,3,,POINT (-96.34651621278 42.470395628067)
2014833678,20140036822,12/13/2014,12-December,7-Saturday,12:05,1200 Hours,District 1 (Central),DES MOINES,POLK,,MAURY ST & SE 30TH ST,Collision with:  Vehicle in traffic,On Roadway,Rear-end (front to rear),Equipment failure,None Indicated,,Daylight,Dry,Cloudy,None apparent,Non-intersection:  Non-junction/no special feature,Paved,,Property Damage Only,0,0,0,0,0,0,2300,2,3,,POINT (-93.558269321147 41.580564875236)
2014833366,2014-040501,12/13/2014,12-December,7-Saturday,08:23,0800 Hours,District 6 (East Central),DUBUQUE,DUBUQUE,,CENTER GROVE DR,Collision with:  Vehicle in traffic,On Roadway,"Sideswipe, same direction",Improper Backing,None Indicated,,Daylight,Wet,Cloudy,None apparent,Non-intersection:  Driveway access (within),Paved,,Property Damage Only,0,0,0,0,0,0,4000,2,3,,POINT (-90.719922940352 42.490461409992)
2014833495,201418518,12/13/2014,12-December,7-Saturday,00:04,0000 Hours,District 6 (East Central),CEDAR RAPIDS,LINN,,F AVE NE,Collision with:  Parked motor vehicle,On Roadway,Rear-end (front to rear),Lost Control,None Indicated,,Dark - roadway lighted,Dry,Cloudy,None apparent,Non-intersection:  Non-junction/no special feature,Paved,,Property Damage Only,0,0,0,0,0,0,10000,2,1,,POINT (-91.643413019604 42.024107438356)
2014837000,,12/13/2014,12-December,7-Saturday,04:36,0400 Hours,District 2 (Northeast),CLEAR LAKE,CERRO GORDO,US 18,US 18 & N 8TH ST,Collision with:  Vehicle in traffic,On Roadway,Broadside (front to side),Ran Traffic Signal,None Indicated,,Dark - roadway lighted,Dry,Clear,None apparent,Intersection:  Four-way intersection,Paved,,Minor Injury,0,1,0,1,0,0,6000,2,3,,POINT (-93.378808119877 43.143679539052)
2014833330,W14-121232,12/13/2014,12-December,7-Saturday,11:06,1100 Hours,District 2 (Northeast),WATERLOO,BLACK HAWK,,KIMBALL AVE & BROOKERIDGE DR,Collision with:  Vehicle in traffic,On Roadway,Rear-end (front to rear),Other (explain in narrative):  Other,None Indicated,,Daylight,Wet,Cloudy,None apparent,Intersection:  Four-way intersection,Paved,,Property Damage Only,0,0,0,0,0,0,2000,2,3,,POINT (-92.356624557936 42.459351128675)
2014834048,14121163,12/13/2014,12-December,7-Saturday,04:43,0400 Hours,District 2 (Northeast),CEDAR FALLS,BLACK HAWK,US 218,US 218/NE RAMP,Collision with fixed object:  Concrete traffic barrier (median or right side),On Roadway,Non-collision (single vehicle),Other (explain in narrative):  No improper action,None Indicated,,Dark - roadway lighted,Ice/frost,"Sleet, hail","Surface condition (e.g., wet, icy)",Non-intersection:  Other non-intersection (explain in narrative),Paved,,Property Damage Only,0,0,0,0,0,0,2000,1,1,,POINT (-92.424696725519 42.540495392466)
2014833483,20140036862,12/13/2014,12-December,7-Saturday,19:22,1900 Hours,District 1 (Central),DES MOINES,POLK,,HUBBELL AVE & GUTHRIE AVE,Collision with:  Vehicle in traffic,On Roadway,Broadside (front to side),Ran Traffic Signal,None Indicated,,Dark - roadway lighted,Dry,Cloudy,None apparent,Intersection:  Four-way intersection,Paved,,Minor Injury,0,1,0,1,0,0,7000,2,3,,POINT (-93.566151526219 41.614970047017)
2014833715,14-017459,12/13/2014,12-December,7-Saturday,10:48,1000 Hours,District 2 (Northeast),,FAYETTE,,I AVE,Non-collision events:  Other non-collision (explain in narrative),On Roadway,Non-collision (single vehicle),Swerving/Evasive Action,None Indicated,,Daylight,Ice/frost,Cloudy,None apparent,Non-intersection:  Non-junction/no special feature,Paved,,Property Damage Only,0,0,0,0,0,0,3100,1,1,,POINT (-91.76528103046 42.893583952934)
2014833318,C14003948,12/13/2014,12-December,7-Saturday,12:09,1200 Hours,District 6 (East Central),CORALVILLE,JOHNSON,,CORAL RIDGE AVE,Collision with:  Vehicle in traffic,On Roadway,Rear-end (front to rear),Followed too close,None Indicated,,Daylight,Dry,Cloudy,None apparent,Non-intersection:  Non-junction/no special feature,Paved,,Property Damage Only,0,0,0,0,0,0,16000,3,6,,POINT (-91.608150365355 41.706040948972)
2014833465,2014-85159,12/13/2014,12-December,7-Saturday,18:22,1800 Hours,District 6 (East Central),DAVENPORT,SCOTT,US 6,US 6/E KIMBERLY RD,Collision with:  Vehicle in traffic,On Roadway,Rear-end (front to rear),Followed too close,None Indicated,,Dark - roadway lighted,Dry,Clear,None apparent,Non-intersection:  Non-junction/no special feature,Paved,,Property Damage Only,0,0,0,0,0,0,4500,2,7,,POINT (-90.570821940772 41.560341800135)
2014833347,14-2776,12/13/2014,12-December,7-Saturday,09:00,0900 Hours,District 1 (Central),URBANDALE,POLK,,86TH ST,Collision with:  Vehicle in traffic,On Roadway,"Angle, oncoming left turn",Ran Traffic Signal,None Indicated,,Daylight,Wet,Rain,None apparent,Intersection:  Four-way intersection,Paved,,Possible/Unknown,0,1,0,0,1,0,9000,3,3,,POINT (-93.736496127869 41.63012775863)
2014834101,14-029192,12/13/2014,12-December,7-Saturday,17:41,1700 Hours,District 2 (Northeast),,WORTH,US 65,US 65,Collision with:  Animal,On Roadway,Non-collision (single vehicle),Animal,None Indicated,,Dark - roadway not lighted,Wet,"Fog, smoke, smog",Obstruction in roadway,Non-intersection:  Non-junction/no special feature,Paved,,Property Damage Only,0,0,0,0,0,0,8000,1,4,,POINT (-93.237721438689 43.47929165711)
2014833431,20140036794,12/13/2014,12-December,7-Saturday,07:00,0700 Hours,District 1 (Central),DES MOINES,POLK,,SW MCKINLEY AVE & SW 42ND ST,Non-collision events:  Overturn/rollover,On Roadway,Non-collision (single vehicle),Lost Control,None Indicated,,Dark - roadway not lighted,Dry,Clear,None apparent,Non-intersection:  Non-junction/no special feature,Unpaved,,Property Damage Only,0,0,0,0,0,0,6000,1,2,,POINT (-93.67461706286 41.541047622225)
2014833331,W14-121271,12/13/2014,12-December,7-Saturday,13:36,1300 Hours,District 2 (Northeast),WATERLOO,BLACK HAWK,,E SAN MARNAN DR & LOWES BLVD,Collision with:  Vehicle in traffic,On Roadway,Rear-end (front to rear),Followed too close,None Indicated,,Daylight,Dry,Cloudy,None apparent,Intersection:  Other intersection (explain in narrative),Paved,,Property Damage Only,0,0,0,0,0,0,2000,3,4,,POINT (-92.349250413668 42.457355219454)
2014833464,2014-85106,12/13/2014,12-December,7-Saturday,13:44,1300 Hours,District 6 (East Central),DAVENPORT,SCOTT,,E 46TH ST,Collision with:  Vehicle in traffic,On Roadway,Rear-end (front to rear),Followed too close,None Indicated,,Daylight,Dry,Clear,None apparent,Intersection:  Four-way intersection,Paved,,Property Damage Only,0,0,0,0,0,0,8000,2,6,,POINT (-90.567908426973 41.567683411604)
2014835294,14232,12/13/2014,12-December,7-Saturday,23:03,2300 Hours,District 5 (Southeast),PELLA,MARION,,E VERMEER RD & E 13TH ST,Collision with:  Animal,,,Animal,None Indicated,,,,,,,Paved,,Property Damage Only,0,0,0,0,0,0,1500,1,1,,POINT (-92.898458543882 41.407346808375)
2014833370,2014-040513,12/13/2014,12-December,7-Saturday,16:45,1600 Hours,District 6 (East Central),DUBUQUE,DUBUQUE,IA 32,IA 32/IA32 NW ARTERIAL & PLAZA DR,Collision with:  Vehicle in traffic,On Roadway,Broadside (front to side),Made improper turn,None Indicated,,Dusk,Dry,Clear,None apparent,Intersection:  Four-way intersection,Paved,,Property Damage Only,0,0,0,0,0,0,2500,2,3,,POINT (-90.738556991363 42.520692198051)
2014834037,2014069148,12/13/2014,12-December,7-Saturday,20:46,2000 Hours,District 6 (East Central),URBANA,BENTON,I-380,I-380 & IA 150/31 AVE,Collision with fixed object:  Ditch,Shoulder,Non-collision (single vehicle),Ran Stop Sign,None Indicated,,Dark - roadway not lighted,Wet,Rain,None apparent,Intersection:  Intersection with ramp,Paved,,Possible/Unknown,0,3,0,0,3,0,10000,1,3,,POINT (-91.890880887191 42.243601061084)
2014833677,20140036808,12/13/2014,12-December,7-Saturday,10:30,1000 Hours,District 1 (Central),DES MOINES,POLK,I-235,I-235 & 42ND ST,Collision with:  Vehicle in traffic,On Roadway,Rear-end (front to rear),Lost Control,None Indicated,,Daylight,Wet,Cloudy,None apparent,Interchange-related:  Off-ramp,Paved,,Property Damage Only,0,0,0,0,0,0,3000,2,2,,POINT (-93.674354051237 41.590715277775)
2014833371,2014-040518,12/13/2014,12-December,7-Saturday,20:18,2000 Hours,District 6 (East Central),DUBUQUE,DUBUQUE,,RHOMBERG AVE & WINDSOR AVE,Collision with:  Parked motor vehicle,On Roadway,"Sideswipe, same direction",Other (explain in narrative):  Other,None Indicated,,Dark - unknown roadway lighting,Wet,Cloudy,None apparent,Non-intersection:  Non-junction/no special feature,Paved,,Property Damage Only,0,0,0,0,0,0,7000,2,2,,POINT (-90.663623262009 42.515604162927)
2014834727,14-031213-02,12/13/2014,12-December,7-Saturday,15:00,1500 Hours,District 6 (East Central),,IOWA,,G AVE,Non-collision events:  Overturn/rollover,On Roadway,Non-collision (single vehicle),Ran off road - left,None Indicated,,Daylight,"Mud, dirt",Cloudy,None apparent,Non-intersection:  Non-junction/no special feature,Unpaved,,Major Injury,0,1,1,0,0,0,10000,1,3,,POINT (-92.181937522998 41.539062753127)
2014833479,20140036857,12/13/2014,12-December,7-Saturday,17:33,1700 Hours,District 1 (Central),DES MOINES,POLK,,MAURY ST & SE 30TH ST,Collision with:  Vehicle in traffic,On Roadway,Broadside (front to side),FTYROW:  From stop sign,None Indicated,,Dark - roadway lighted,Dry,Clear,None apparent,Intersection:  T-intersection,Paved,,Minor Injury,0,1,0,1,0,0,14000,2,6,,POINT (-93.55832379137 41.579925094415)
2014833462,2014-85060,12/13/2014,12-December,7-Saturday,07:46,0700 Hours,District 6 (East Central),DAVENPORT,SCOTT,,W 35TH ST,Non-collision events:  Other non-collision (explain in narrative),On Roadway,Non-collision (single vehicle),Other (explain in narrative):  Other,None Indicated,,Dawn,Wet,Cloudy,None apparent,Non-intersection:  Non-junction/no special feature,Paved,,Property Damage Only,0,0,0,0,0,0,5000,1,1,,POINT (-90.599032946142 41.555602871328)
2014833477,20140036840,12/13/2014,12-December,7-Saturday,14:25,1400 Hours,District 1 (Central),DES MOINES,POLK,,GRAND AVE,Collision with:  Vehicle in traffic,On Roadway,Head-on (front to front),FTYROW:  Making left turn,None Indicated,,Daylight,Dry,Cloudy,None apparent,Intersection:  T-intersection,Paved,,Minor Injury,0,2,0,1,1,0,10000,2,2,,POINT (-93.641705323942 41.584452954083)
2014833927,14-151213-01,12/13/2014,12-December,7-Saturday,01:00,0100 Hours,District 6 (East Central),,IOWA,,107TH ST,Collision with fixed object:  Bridge overhead structure,On Roadway,Non-collision (single vehicle),Ran off road - left,Alcohol (Statutory),,Dark - roadway not lighted,Dry,Clear,None apparent,Non-intersection:  Other non-intersection (explain in narrative),Unpaved,,Minor Injury,0,2,0,2,0,0,10000,1,4,,POINT (-92.085273489361 41.851256099606)
2014834525,14-010481,12/13/2014,12-December,7-Saturday,10:24,1000 Hours,District 2 (Northeast),,CLAYTON,,Co Rd X50/KING RD & KIMBERLY AVE,Collision with:  Vehicle in traffic,On Roadway,"Sideswipe, opposite direction",Crossed centerline (undivided),None Indicated,,Daylight,Wet,"Fog, smoke, smog",None apparent,Intersection:  Y-intersection,Unpaved,,Property Damage Only,0,0,0,0,0,0,3000,2,4,,POINT (-91.205884463101 42.987820579989)
2014833801,201404604,12/13/2014,12-December,7-Saturday,13:24,1300 Hours,District 6 (East Central),,LINN,I-380,I-380 & Co Rd E16/CEDAR RIDGE RD,Collision with:  Animal,,,Animal,None Indicated,,,,,,,Paved,,Property Damage Only,0,0,0,0,0,0,4000,1,1,,POINT (-91.801104824156 42.18580594248)
2014834795,2014-26645,12/13/2014,12-December,7-Saturday,09:50,0900 Hours,District 5 (Southeast),INDIANOLA,WARREN,US 65,US 65/N JEFFERSON WAY,Collision with:  Vehicle in traffic,On Roadway,Broadside (front to side),FTYROW:  From driveway,None Indicated,,Daylight,Wet,Rain,None apparent,Non-intersection:  Driveway access (within),Paved,,Property Damage Only,0,0,0,0,0,0,8000,2,3,,POINT (-93.558373168572 41.372159277426)
2014833335,14-005386,12/13/2014,12-December,7-Saturday,11:35,1100 Hours,District 1 (Central),ANKENY,POLK,,E 1ST ST,Collision with:  Vehicle in traffic,On Roadway,Broadside (front to side),Ran Stop Sign,None Indicated,,Daylight,Dry,Cloudy,None apparent,Intersection:  T-intersection,Paved,,Property Damage Only,0,0,0,0,0,0,1500,2,4,,POINT (-93.585261302143 41.731858903973)
2014833439,14-40593,12/13/2014,12-December,7-Saturday,03:05,0300 Hours,District 3 (Northwest),SIOUX CITY,WOODBURY,IA 376,IA 376/SINGING HILLS BLVD & S YORK ST,Collision with:  Vehicle in traffic,On Roadway,Rear-end (front to rear),Unknown,None Indicated,,Dark - roadway lighted,Wet,Clear,None apparent,Intersection:  Four-way intersection,Paved,,Possible/Unknown,0,1,0,0,1,0,13000,2,3,,POINT (-96.372374907982 42.434861269889)
2014833556,14-6329,12/13/2014,12-December,7-Saturday,21:19,2100 Hours,District 4 (Southwest),WEST DES MOINES,DALLAS,,STAGECOACH DR & MILLS CIVIC PKWY,Collision with:  Vehicle in traffic,On Roadway,Rear-end (front to rear),Followed too close,None Indicated,,Dark - roadway lighted,Wet,Rain,None apparent,Intersection:  Four-way intersection,Paved,,Possible/Unknown,0,2,0,0,2,0,925,2,4,,POINT (-93.794256905826 41.559919345932)
2014833655,149687,12/13/2014,12-December,7-Saturday,12:19,1200 Hours,District 4 (Southwest),,DALLAS,US 6,US 6/N AVE,Collision with:  Animal,On Roadway,Non-collision (single vehicle),Animal,None Indicated,,Daylight,Dry,Cloudy,None apparent,Non-intersection:  Non-junction/no special feature,Paved,,Minor Injury,0,1,0,1,0,0,1500,1,2,,POINT (-94.012931929077 41.599579726097)
2014834527,14-015113,12/13/2014,12-December,7-Saturday,19:59,1900 Hours,District 1 (Central),TAMA,TAMA,US 63,US 63,Collision with:  Animal,On Roadway,Non-collision (single vehicle),Animal,None Indicated,,Dark - roadway not lighted,Dry,Clear,None apparent,Non-intersection:  Non-junction/no special feature,Paved,,Property Damage Only,0,0,0,0,0,0,3500,1,2,,POINT (-92.576591503194 41.937521293082)
2014833399,14-008368,12/13/2014,12-December,7-Saturday,23:14,2300 Hours,District 3 (Northwest),,MONONA,,Co Rd K45/K45 & 110TH ST,Non-collision events:  Overturn/rollover,On Roadway,Non-collision (single vehicle),Swerving/Evasive Action,Refused,,Dark - roadway not lighted,Dry,Clear,None apparent,Non-intersection:  Non-junction/no special feature,Paved,,Minor Injury,0,1,0,1,0,0,2000,1,1,,POINT (-96.204826688217 42.200496040919)
2014834035,2014069079,12/13/2014,12-December,7-Saturday,11:00,1100 Hours,District 5 (Southeast),,WAPELLO,US 34,US 34,Collision with:  Animal,,,Animal,None Indicated,,,,,,,Paved,,Property Damage Only,0,0,0,0,0,0,2500,1,1,,POINT (-92.22225316728 40.994925490565)
2014833515,14-6314,12/13/2014,12-December,7-Saturday,13:20,1300 Hours,District 4 (Southwest),WEST DES MOINES,DALLAS,,S 64TH ST,Collision with:  Vehicle in traffic,On Roadway,Head-on (front to front),Improper Backing,None Indicated,,Daylight,Dry,Cloudy,None apparent,Intersection:  Four-way intersection,Paved,,Property Damage Only,0,0,0,0,0,0,5000,2,2,,POINT (-93.796815877332 41.561270742219)
2014833592,14-005381,12/13/2014,12-December,7-Saturday,01:57,0100 Hours,District 1 (Central),ANKENY,POLK,,SW MAPLE ST,Collision with:  Parked motor vehicle,On Roadway,Rear-end (front to rear),"Operating vehicle in an reckless, erratic, careless, negligent manner",Alcohol (Statutory),,Dark - roadway lighted,Wet,Rain,None apparent,Non-intersection:  Non-junction/no special feature,Paved,,Property Damage Only,0,0,0,0,0,0,18500,2,1,,POINT (-93.608530358456 41.728252307687)
2014834470,90-14-433,12/13/2014,12-December,7-Saturday,19:00,1900 Hours,District 2 (Northeast),,HUMBOLDT,US 169,US 169/LINCOLN AVE,Collision with:  Animal,,,Animal,None Indicated,,,,,,,Paved,,Property Damage Only,0,0,0,0,0,0,2500,1,1,,POINT (-94.227237118334 42.872646463277)
2014833704,14-052136,12/13/2014,12-December,7-Saturday,14:00,1400 Hours,District 4 (Southwest),COUNCIL BLUFFS,POTTAWATTAMIE,,MCDERMOTT ST,Collision with:  Vehicle in traffic,On Roadway,Broadside (front to side),Ran Traffic Signal,None Indicated,,Daylight,Dry,Cloudy,None apparent,Intersection:  Four-way intersection,Paved,,Property Damage Only,0,0,0,0,0,0,5000,2,5,,POINT (-95.836486015773 41.219670288576)
2014848153,,12/13/2014,12-December,7-Saturday,17:46,1700 Hours,District 6 (East Central),CEDAR RAPIDS,LINN,,COTTAGE GROVE AVE SE,Collision with fixed object:  Other fixed object (explain in narrative),Roadside,Non-collision (single vehicle),Ran off road - right,None Indicated,,Dusk,Dry,Clear,None apparent,Non-intersection:  Non-junction/no special feature,Paved,,Possible/Unknown,0,1,0,0,1,0,5500,1,1,,POINT (-91.638048408917 41.995313539726)
2014834126,14-018650,12/13/2014,12-December,7-Saturday,15:10,1500 Hours,District 3 (Northwest),DICKENS,CLAY,,Co Rd M54/280TH AVE,Collision with fixed object:  Ditch,Shoulder,Non-collision (single vehicle),Crossed centerline (undivided),Refused,,Daylight,Dry,Unknown,None apparent,Non-intersection:  Non-junction/no special feature,Paved,,Possible/Unknown,0,1,0,0,1,0,1500,1,1,,POINT (-95.033038355685 43.093681301691)
2014833481,20140036860,12/13/2014,12-December,7-Saturday,18:34,1800 Hours,District 1 (Central),DES MOINES,POLK,,HUBBELL AVE & FARWELL RD,Collision with:  Vehicle in traffic,On Roadway,Broadside (front to side),FTYROW:  From stop sign,Refused,,Dark - roadway lighted,Dry,Cloudy,None apparent,Intersection:  T-intersection,Paved,,Minor Injury,0,3,0,3,0,0,5000,2,4,,POINT (-93.566022574879 41.615321963118)
2014833846,14-40643,12/13/2014,12-December,7-Saturday,14:53,1400 Hours,District 3 (Northwest),SIOUX CITY,WOODBURY,US 20,US 20/RAMP,Collision with:  Vehicle in traffic,On Roadway,Rear-end (front to rear),Followed too close,None Indicated,,Daylight,Dry,Cloudy,None apparent,Non-intersection:  Non-junction/no special feature,Paved,,Possible/Unknown,0,1,0,0,1,0,1000,3,9,,POINT (-96.346207008976 42.444975767494)
2014833514,14-6311,12/13/2014,12-December,7-Saturday,12:41,1200 Hours,District 1 (Central),WEST DES MOINES,POLK,,UNIVERSITY AVE,Collision with:  Vehicle in traffic,On Roadway,Rear-end (front to rear),Driving too fast for conditions,None Indicated,,Daylight,Wet,Cloudy,None apparent,Non-intersection:  Non-junction/no special feature,Paved,,Property Damage Only,0,0,0,0,0,0,8300,3,3,,POINT (-93.780713979949 41.600454547327)
2014833560,201418550,12/13/2014,12-December,7-Saturday,13:09,1300 Hours,District 6 (East Central),CEDAR RAPIDS,LINN,IA 100,IA 100/COLLINS RD NE & LINDALE DR,Collision with:  Vehicle in traffic,On Roadway,Rear-end (front to rear),Followed too close,None Indicated,,Daylight,Wet,Cloudy,"Surface condition (e.g., wet, icy)",Intersection:  Four-way intersection,Paved,,Property Damage Only,0,0,0,0,0,0,14000,2,5,,POINT (-91.627994221802 42.027760849042)
2014833274,14-010494,12/13/2014,12-December,7-Saturday,16:29,1600 Hours,District 2 (Northeast),,CLAYTON,,MILLVILLE RD,Collision with fixed object:  Ditch,On Roadway,Non-collision (single vehicle),Driving too fast for conditions,None Indicated,,Daylight,"Mud, dirt",Rain,"Surface condition (e.g., wet, icy)",Non-intersection:  Non-junction/no special feature,Unpaved,,Property Damage Only,0,0,0,0,0,0,2500,1,1,,POINT (-91.170478816417 42.69616474011)
2014833349,14-32847,12/13/2014,12-December,7-Saturday,07:55,0700 Hours,District 1 (Central),,JASPER,,Co Rd F17/HWY F-17 W,Non-collision events:  Overturn/rollover,Roadside,Non-collision (single vehicle),Crossed centerline (undivided),None Indicated,,Daylight,Wet,Rain,None apparent,Non-intersection:  Non-junction/no special feature,Paved,,Minor Injury,0,1,0,1,0,0,26000,1,1,,POINT (-93.248427510771 41.820196617714)
2014834543,14011113,12/13/2014,12-December,7-Saturday,07:30,0700 Hours,District 6 (East Central),,BUCHANAN,,Co Rd C57/118TH ST,Collision with:  Animal,,,Animal,None Indicated,,,,,,,Paved,,Property Damage Only,0,0,0,0,0,0,1500,1,1,,POINT (-91.892006785937 42.61774134882)
2014833503,14-005730,12/13/2014,12-December,7-Saturday,18:15,1800 Hours,District 3 (Northwest),,LYON,,Co Rd A42/240TH ST & Co Rd K20/COOLDIGE AVE,Collision with:  Vehicle in traffic,On Roadway,Rear-end (front to rear),Followed too close,None Indicated,,Dark - roadway not lighted,"Mud, dirt",Clear,None apparent,Intersection:  Four-way intersection,Paved,,Property Damage Only,0,0,0,0,0,0,1800,2,2,,POINT (-96.391505929534 43.301797034507)