Iowa DOT Case Number,Law Enforcement Case Number,Date of Crash,Month of Crash,Day of Week,Time of Crash,Hour,DOT District,City Name,County Name,Route with System,Location Description,First Harmful Event,Location of First Harmful Event,Manner of Crash/Collision,Major Cause,Drug or Alcohol ,Environmental Conditions,Light Conditions,Surface Conditions,Weather Conditions,Roadway Contribution,Roadway Type,Roadway Surface,Work Zone,Crash Severity,Number of Fatalities,Number of Injuries,Number of Major Injuries,Number of Minor Injuries,Number of Possible Injuries,Number of Unknown Injuries,Amount of Property Damage,Number of Vehicles Involved,Total Number of Occupants,Travel Direction,Location
2014833511,14-1530,12/13/2014,12-December,7-Saturday,12:00,1200 Hours,District 1 (Central),CLIVE,POLK,,UNIVERSITY AVE,Collision with:  Vehicle in traffic,On Roadway,Rear-end (front to rear),Followed too close,None Indicated,,Daylight,Wet,Cloudy,None apparent,Non-intersection:  Non-junction/no special feature,Paved,,Property Damage Only,0,0,0,0,0,0,4450,3,6,,POINT (-93.770309900018 41.600434657939)
2014833781,143785,12/13/2014,12-December,7-Saturday,11:49,1100 Hours,District 3 (Northwest),,CRAWFORD,US 59,US 59,Non-collision events:  Other non-collision (explain in narrative),On Roadway,"Sideswipe, opposite direction",Crossed centerline (undivided),None Indicated,,Daylight,Wet,Rain,"Surface condition (e.g., wet, icy)",Non-intersection:  Non-junction/no special feature,Paved,,Possible/Unknown,0,1,0,0,1,0,18600,2,3,,POINT (-95.344187336521 41.873191331729)
2014833889,SO14002955,12/13/2014,12-December,7-Saturday,01:38,0100 Hours,District 3 (Northwest),,PLYMOUTH,US 75,US 75,Collision with fixed object:  Traffic sign support,Roadside,Non-collision (single vehicle),Swerving/Evasive Action,None Indicated,,Dark - roadway not lighted,Dry,Cloudy,None apparent,Non-intersection:  Non-junction/no special feature,Paved,,Possible/Unknown,0,1,0,0,1,0,20000,1,1,,POINT (-96.217294786213 42.738463134809)
2014834034,2014069073,12/13/2014,12-December,7-Saturday,01:20,0100 Hours,District 6 (East Central),,BENTON,,77 ST TRL & 31 AVE & 78 ST,Non-collision events:  Other non-collision (explain in narrative),Roadside,Non-collision (single vehicle),Driving too fast for conditions,None Indicated,,Dark - roadway not lighted,Wet,"Fog, smoke, smog",None apparent,Intersection:  Y-intersection,Unpaved,,Minor Injury,0,1,0,1,0,0,5500,1,2,,POINT (-91.890578315492 41.890953093549)
2014833585,14-32860,12/13/2014,12-December,7-Saturday,10:40,1000 Hours,District 1 (Central),NEWTON,JASPER,,N 6TH AVE E & E 12TH ST N,Collision with:  Vehicle in traffic,On Roadway,Broadside (front to side),Ran Stop Sign,None Indicated,,Daylight,Dry,Cloudy,None apparent,Intersection:  Four-way intersection,Paved,,Property Damage Only,0,0,0,0,0,0,4500,2,3,,POINT (-93.038665834526 41.704195851793)
2014836256,2014069075,12/13/2014,12-December,7-Saturday,09:45,0900 Hours,District 6 (East Central),,SCOTT,I-80,I-80,Collision with fixed object:  Guardrail - face,Median,Non-collision (single vehicle),Ran off road - left,None Indicated,,Daylight,Wet,"Fog, smoke, smog",None apparent,Non-intersection:  Non-junction/no special feature,Paved,,Property Damage Only,0,0,0,0,0,0,15400,1,1,,POINT (-90.709766490372 41.60373280346)
2014833675,2014-3036,12/13/2014,12-December,7-Saturday,12:07,1200 Hours,District 1 (Central),JEFFERSON,GREENE,,E ADAMS ST,Collision with:  Parked motor vehicle,On Roadway,"Sideswipe, same direction",FTYROW:  Other (explain in narrative),None Indicated,,Daylight,Dry,Cloudy,None apparent,Non-intersection:  Non-junction/no special feature,Paved,,Property Damage Only,0,0,0,0,0,0,2800,2,1,,POINT (-94.372827689419 42.018240305516)
2014833596,14-1532,12/13/2014,12-December,7-Saturday,17:53,1700 Hours,District 4 (Southwest),CLIVE,DALLAS,,W AVE & BERKSHIRE PKWY,Collision with:  Vehicle in traffic,On Roadway,Rear-end (front to rear),Exceeded authorized speed,Refused,,Dark - roadway not lighted,Dry,Cloudy,Non-highway work,Non-intersection:  Non-junction/no special feature,Paved,,Possible/Unknown,0,2,0,0,2,0,15000,2,3,,POINT (-93.852851380576 41.637393747206)
2014833512,14-6307,12/13/2014,12-December,7-Saturday,10:59,1000 Hours,District 4 (Southwest),WEST DES MOINES,DALLAS,,JORDAN CREEK PKWY & E P TRUE PKWY,Collision with:  Vehicle in traffic,On Roadway,Rear-end (front to rear),Lost Control,None Indicated,,Daylight,Wet,Cloudy,None apparent,Intersection:  Four-way intersection,Paved,,Property Damage Only,0,0,0,0,0,0,2500,3,4,,POINT (-93.809235583981 41.573397820411)
2014833545,14-052165,12/13/2014,12-December,7-Saturday,17:22,1700 Hours,District 4 (Southwest),COUNCIL BLUFFS,POTTAWATTAMIE,I-29,I-29,Collision with:  Vehicle in traffic,On Roadway,Rear-end (front to rear),Followed too close,None Indicated,,Dark - roadway not lighted,Wet,Rain,None apparent,Non-intersection:  Non-junction/no special feature,Paved,,Possible/Unknown,0,1,0,0,1,0,1600,2,4,,POINT (-95.865755703042 41.232184403784)
2014833463,2014-85095,12/13/2014,12-December,7-Saturday,12:34,1200 Hours,District 6 (East Central),DAVENPORT,SCOTT,US 67,US 67/E RIVER DR & PERRY ST,Collision with:  Vehicle in traffic,On Roadway,Broadside (front to side),FTYROW:  Making left turn,None Indicated,,Daylight,Wet,Cloudy,None apparent,Intersection:  Four-way intersection,Paved,,Possible/Unknown,0,2,0,0,2,0,9000,3,6,,POINT (-90.572635030408 41.520229564291)
2014833982,2014-85223,12/13/2014,12-December,7-Saturday,23:56,2300 Hours,District 6 (East Central),DAVENPORT,SCOTT,,W CENTRAL PARK AVE & MARQUETTE ST,Collision with fixed object:  Utility pole/light support,On Roadway,"Sideswipe, opposite direction",Lost Control,Under Influence of Alcohol/Drugs/Medications,,Dark - roadway lighted,Wet,Clear,None apparent,Non-intersection:  Non-junction/no special feature,Paved,,Property Damage Only,0,0,0,0,0,0,4200,2,1,,POINT (-90.591169355464 41.545540276899)
2014833681,14026331,12/13/2014,12-December,7-Saturday,07:58,0700 Hours,District 6 (East Central),MARION,LINN,,27TH ST,Collision with:  Vehicle in traffic,On Roadway,Broadside (front to side),Improper Backing,None Indicated,,Daylight,Wet,"Fog, smoke, smog",None apparent,Non-intersection:  Driveway access (within),Paved,,Property Damage Only,0,0,0,0,0,0,4500,2,1,,POINT (-91.583802656314 42.040472322111)
2014833329,W14-121206,12/13/2014,12-December,7-Saturday,09:25,0900 Hours,District 2 (Northeast),WATERLOO,BLACK HAWK,,IVANHOE RD,Collision with:  Vehicle in traffic,On Roadway,Rear-end (front to rear),Exceeded authorized speed,None Indicated,,Daylight,Wet,Rain,None apparent,Intersection:  Four-way intersection,Paved,,Property Damage Only,0,0,0,0,0,0,1800,2,2,,POINT (-92.360370251947 42.472529687073)
2014836586,2014-85124,12/13/2014,12-December,7-Saturday,14:50,1400 Hours,District 6 (East Central),DAVENPORT,SCOTT,,HICKORY GROVE RD,Collision with:  Vehicle in traffic,On Roadway,Rear-end (front to rear),Followed too close,None Indicated,,Daylight,Dry,Clear,None apparent,Non-intersection:  Non-junction/no special feature,Paved,,Property Damage Only,0,0,0,0,0,0,2000,2,3,,POINT (-90.629522462675 41.557298566485)
2014833600,14-052088,12/13/2014,12-December,7-Saturday,02:55,0200 Hours,District 4 (Southwest),COUNCIL BLUFFS,POTTAWATTAMIE,,MADISON AVE,Collision with fixed object:  Ditch,On Roadway,Non-collision (single vehicle),Ran off road - right,Alcohol (Statutory),,Dark - roadway lighted,Wet,Rain,None apparent,Non-intersection:  Non-junction/no special feature,Paved,,Property Damage Only,0,0,0,0,0,0,5000,1,1,,POINT (-95.824740906397 41.242475282045)
2014836278,14-029173,12/13/2014,12-December,7-Saturday,04:26,0400 Hours,District 2 (Northeast),NORTHWOOD,WORTH,US 65,US 65 & OLIVE AVE,Non-collision events:  Overturn/rollover,Shoulder,Non-collision (single vehicle),Swerving/Evasive Action,None Indicated,,Dark - roadway not lighted,Ice/frost,"Sleet, hail","Surface condition (e.g., wet, icy)",Non-intersection:  Other non-intersection (explain in narrative),Paved,,Property Damage Only,0,0,0,0,0,0,7000,1,1,,POINT (-93.22167237051 43.462647853531)
2014834800,201404607,12/13/2014,12-December,7-Saturday,18:03,1800 Hours,District 6 (East Central),,LINN,,Co Rd E34/COUNTY HOME RD,Collision with:  Animal,,,Animal,None Indicated,,,,,,,Paved,,Property Damage Only,0,0,0,0,0,0,2000,1,1,,POINT (-91.604859237293 42.094668878276)
2014833611,14-052099,12/13/2014,12-December,7-Saturday,07:58,0700 Hours,District 4 (Southwest),COUNCIL BLUFFS,POTTAWATTAMIE,,W PIERCE ST & E PIERCE ST & S 1ST ST,Collision with:  Vehicle in traffic,On Roadway,Broadside (front to side),Ran Traffic Signal,None Indicated,,Daylight,Wet,Cloudy,None apparent,Intersection:  Four-way intersection,Paved,,Property Damage Only,0,0,0,0,0,0,4500,2,3,,POINT (-95.843067383665 41.262792580571)
2014837004,,12/13/2014,12-December,7-Saturday,10:48,1000 Hours,District 2 (Northeast),FREDERICKSBURG,CHICKASAW,US 18,US 18/MAIN ST & WASHINGTON AVE,Collision with:  Vehicle in traffic,On Roadway,Broadside (front to side),FTYROW:  From stop sign,None Indicated,,,Dry,,,Intersection:  Other intersection (explain in narrative),Paved,,Property Damage Only,0,0,0,0,0,0,7000,2,2,,POINT (-92.199186971557 42.965133295315)
2014833513,14-6309,12/13/2014,12-December,7-Saturday,12:10,1200 Hours,District 1 (Central),WEST DES MOINES,POLK,,ELM ST & 3RD ST,Collision with:  Vehicle in traffic,On Roadway,Broadside (front to side),Ran Stop Sign,None Indicated,,Daylight,Dry,Cloudy,None apparent,Intersection:  Four-way intersection,Paved,,Property Damage Only,0,0,0,0,0,0,3500,2,3,,POINT (-93.706130276652 41.572492001628)
2014833499,14-44073,12/13/2014,12-December,7-Saturday,10:36,1000 Hours,District 5 (Southeast),BURLINGTON,DES MOINES,,WEST AVE & WELLSHIRE DR & W ROOSEVELT FRONTAGE,Collision with:  Vehicle in traffic,On Roadway,Broadside (front to side),Ran Stop Sign,None Indicated,,Daylight,Dry,Cloudy,None apparent,Intersection:  Four-way intersection,Paved,,Property Damage Only,0,0,0,0,0,0,7000,2,4,,POINT (-91.1429615463 40.8004169935)
2014931976,,12/13/2014,12-December,7-Saturday,09:27,0900 Hours,District 3 (Northwest),SERGEANT BLUFF,WOODBURY,I-29,I-29 & 1ST ST,Collision with:  Non-motorist (see non-motorist section - NOT a unit),On Roadway,Non-collision (single vehicle),Swerving/Evasive Action,None Indicated,,Daylight,Dry,Cloudy,None apparent,Non-intersection:  Other non-intersection (explain in narrative),Paved,,Minor Injury,0,1,0,1,0,0,1200,1,2,,POINT (-96.366692240818 42.400486888722)
2014833381,K14-037871,12/13/2014,12-December,7-Saturday,10:23,1000 Hours,District 5 (Southeast),KEOKUK,LEE,US 218,US 218/MAIN ST & 15TH ST S & 15TH ST N,Collision with:  Vehicle in traffic,On Roadway,Broadside (front to side),FTYROW:  From stop sign,None Indicated,,Daylight,Dry,Cloudy,None apparent,Intersection:  Four-way intersection,Paved,,Possible/Unknown,0,1,0,0,1,0,3000,2,5,,POINT (-91.391513283065 40.403641185516)
2014834169,14007327,12/13/2014,12-December,7-Saturday,20:20,2000 Hours,District 3 (Northwest),SHELDON,OBRIEN,,OAK ST,Collision with:  Parked motor vehicle,On Roadway,"Sideswipe, same direction",Swerving/Evasive Action,None Indicated,,Dark - roadway lighted,Wet,Cloudy,None apparent,Non-intersection:  Non-junction/no special feature,Paved,,Property Damage Only,0,0,0,0,0,0,4250,2,1,,POINT (-95.836337596368 43.18779037186)
2014833369,2014-040510,12/13/2014,12-December,7-Saturday,14:16,1400 Hours,District 6 (East Central),DUBUQUE,DUBUQUE,US 20,US 20/DODGE ST,Collision with:  Vehicle in traffic,On Roadway,Rear-end (front to rear),Lost Control,None Indicated,,Daylight,Wet,Cloudy,None apparent,Non-intersection:  Non-junction/no special feature,Paved,,Property Damage Only,0,0,0,0,0,0,1500,2,4,,POINT (-90.730070842525 42.490798026552)
2014835877,14-1449,12/13/2014,12-December,7-Saturday,21:34,2100 Hours,District 1 (Central),PLEASANT HILL,POLK,,MAPLE DR,Collision with fixed object:  Mailbox,On Roadway,Non-collision (single vehicle),Other (explain in narrative):  No improper action,None Indicated,,Dark - unknown roadway lighting,Wet,Cloudy,None apparent,Non-intersection:  Non-junction/no special feature,Paved,,Property Damage Only,0,0,0,0,0,0,1520,1,2,,POINT (-93.51594078556 41.597903444917)
2014833524,14-018040,12/13/2014,12-December,7-Saturday,13:33,1300 Hours,District 2 (Northeast),,FAYETTE,US 18,US 18/HARDING RD,Collision with:  Animal,,,Animal,None Indicated,,,,,,,Paved,,Property Damage Only,0,0,0,0,0,0,4500,1,1,,POINT (-91.761111587026 42.986758975253)
2014833441,14-40665,12/13/2014,12-December,7-Saturday,19:20,1900 Hours,District 3 (Northwest),SIOUX CITY,WOODBURY,IA 376,IA 376/LEWIS BLVD & 7TH ST,Collision with:  Vehicle in traffic,On Roadway,Broadside (front to side),FTYROW:  From stop sign,None Indicated,,Dark - unknown roadway lighting,Wet,Rain,None apparent,Intersection:  Four-way intersection,Paved,,Property Damage Only,0,0,0,0,0,0,21000,3,7,,POINT (-96.378253260262 42.497575633167)
2014833941,W14-121402,12/13/2014,12-December,7-Saturday,22:11,2200 Hours,District 2 (Northeast),WATERLOO,BLACK HAWK,IA 934,IA 934/UNIVERSITY AVE,Collision with:  Vehicle in traffic,On Roadway,Rear-end (front to rear),Other (explain in narrative):  Other,None Indicated,,Dark - roadway lighted,Wet,Clear,None apparent,Intersection:  Four-way intersection,Paved,,Possible/Unknown,0,1,0,0,1,0,100,2,4,,POINT (-92.388366289998 42.500825801621)
2014834072,201400060313,12/13/2014,12-December,7-Saturday,16:18,1600 Hours,District 5 (Southeast),,WAPELLO,US 34,US 34/US34 NW RAMP,Collision with:  Animal,On Roadway,Non-collision (single vehicle),Animal,None Indicated,,Daylight,Dry,Clear,None apparent,Non-intersection:  Non-junction/no special feature,Paved,,Property Damage Only,0,0,0,0,0,0,2500,1,1,,POINT (-92.378061213912 41.015365085756)
2014834199,S14-121183,12/13/2014,12-December,7-Saturday,06:19,0600 Hours,District 2 (Northeast),,BLACK HAWK,,Co Rd D48/BRANDON RD,Collision with:  Animal,,,Animal,None Indicated,,,,,,,Paved,,Property Damage Only,0,0,0,0,0,0,10000,1,1,,POINT (-92.16345397162 42.336298515735)
2014833472,PD14-11869,12/13/2014,12-December,7-Saturday,15:25,1500 Hours,District 1 (Central),MARSHALLTOWN,MARSHALL,,S 6TH ST & MERLE HIBBS BLVD,Collision with:  Vehicle in traffic,On Roadway,Broadside (front to side),FTYROW:  From stop sign,None Indicated,,Daylight,Dry,Clear,None apparent,Intersection:  Four-way intersection,Paved,,Possible/Unknown,0,1,0,0,1,0,7000,2,2,,POINT (-92.922102438485 42.012779013054)
2014833498,14-052159,12/13/2014,12-December,7-Saturday,16:45,1600 Hours,District 4 (Southwest),COUNCIL BLUFFS,POTTAWATTAMIE,I-29,I-29 & IA 192/S EXPRESSWAY,Collision with:  Vehicle in traffic,On Roadway,Rear-end (front to rear),Followed too close,None Indicated,,Dusk,Wet,Rain,None apparent,Non-intersection:  Non-junction/no special feature,Paved,,Property Damage Only,0,0,0,0,0,0,2500,2,3,,POINT (-95.851316731227 41.232110833706)
2014833640,143780,12/13/2014,12-December,7-Saturday,07:49,0700 Hours,District 3 (Northwest),DOW CITY,CRAWFORD,US 30,US 30/FULTON ST,Collision with:  Animal,On Roadway,Non-collision (single vehicle),Animal,None Indicated,,Daylight,Wet,Rain,None apparent,Non-intersection:  Non-junction/no special feature,Paved,,Minor Injury,0,1,0,1,0,0,2500,1,1,,POINT (-95.493047129891 41.931069504645)
2014833288,12-14-094,12/13/2014,12-December,7-Saturday,13:58,1300 Hours,District 3 (Northwest),LE MARS,PLYMOUTH,,3RD ST SW & 6TH AVE SW,Collision with:  Vehicle in traffic,On Roadway,Broadside (front to side),FTYROW:  From stop sign,None Indicated,,Daylight,Dry,Cloudy,None apparent,Intersection:  Four-way intersection,Paved,,Property Damage Only,0,0,0,0,0,0,5000,2,3,,POINT (-96.175201500782 42.789406190277)
2014833628,14-030123,12/13/2014,12-December,7-Saturday,03:37,0300 Hours,District 5 (Southeast),,MARION,IA 5,IA 5/NE RAMP,Non-collision events:  Jackknife,On Roadway,Non-collision (single vehicle),Driving too fast for conditions,None Indicated,,Dark - unknown roadway lighting,Wet,Rain,None apparent,Intersection:  Intersection with ramp,Paved,,Property Damage Only,0,0,0,0,0,0,130000,1,1,,POINT (-93.261738224034 41.355191960374)
2014833607,20140036785,12/13/2014,12-December,7-Saturday,01:25,0100 Hours,District 1 (Central),DES MOINES,POLK,,2ND AVE,Collision with fixed object:  Other fixed object (explain in narrative),On Roadway,Non-collision (single vehicle),"Operating vehicle in an reckless, erratic, careless, negligent manner",Refused,,Dark - roadway lighted,Dry,Clear,None apparent,Non-intersection:  Non-junction/no special feature,Paved,,Property Damage Only,0,0,0,0,0,0,5000,1,1,,POINT (-93.619640312213 41.596715761391)
2014833721,147259,12/13/2014,12-December,7-Saturday,04:57,0400 Hours,District 1 (Central),,HARDIN,,Co Rd S33/K AVE,Collision with:  Animal,,,Animal,None Indicated,,,,,,,Paved,,Property Damage Only,0,0,0,0,0,0,2000,1,1,,POINT (-93.290196449789 42.337433868711)
2014834485,14-11690,12/13/2014,12-December,7-Saturday,18:53,1800 Hours,District 5 (Southeast),MOUNT PLEASANT,HENRY,,Co Rd H38/E WINFIELD AVE & GRAND AVE,Collision with:  Vehicle in traffic,On Roadway,Broadside (front to side),Unknown,None Indicated,,Dark - roadway lighted,Dry,Cloudy,None apparent,Intersection:  Four-way intersection,Paved,,Property Damage Only,0,0,0,0,0,0,2600,2,2,,POINT (-91.54024611922 40.981360874508)
2014834435,CL14004341,12/13/2014,12-December,7-Saturday,23:17,2300 Hours,District 6 (East Central),CLINTON,CLINTON,,,Collision with fixed object:  Other fixed object (explain in narrative),On Roadway,Non-collision (single vehicle),Lost Control,Under Influence of Alcohol/Drugs/Medications,,Dark - roadway not lighted,Wet,Cloudy,None apparent,Non-intersection:  Non-junction/no special feature,,,Property Damage Only,0,0,0,0,0,0,6500,1,1,,POINT (-96.643700149993 40.233091251414)
2014836791,S79140396,12/13/2014,12-December,7-Saturday,07:00,0700 Hours,District 1 (Central),,POWESHIEK,IA 21,IA 21/IOWA 21 & 410TH AVE,Collision with:  Animal,On Roadway,Non-collision (single vehicle),Animal,None Indicated,,Dawn,Dry,Cloudy,None apparent,Non-intersection:  Non-junction/no special feature,Paved,,Property Damage Only,0,0,0,0,0,0,5000,1,1,,POINT (-92.357777841463 41.703056364474)
2014836166,,12/13/2014,12-December,7-Saturday,17:40,1700 Hours,District 5 (Southeast),,WASHINGTON,IA 1,IA 1,Collision with:  Animal,On Roadway,Non-collision (single vehicle),Animal,None Indicated,,Dark - roadway not lighted,Dry,Clear,,Non-intersection:  Non-junction/no special feature,Paved,,Property Damage Only,0,0,0,0,0,0,4400,1,4,,POINT (-91.887979951132 41.17681970904)
2014833759,1400001104,12/13/2014,12-December,7-Saturday,17:35,1700 Hours,District 1 (Central),MARSHALLTOWN,MARSHALL,US 30,US 30/240TH ST,Collision with:  Animal,,,Animal,None Indicated,,,,,,,Paved,,Property Damage Only,0,0,0,0,0,0,1600,1,1,,POINT (-92.839002482591 42.006865239345)
2014834200,S14-121246,12/13/2014,12-December,7-Saturday,12:16,1200 Hours,District 2 (Northeast),,BLACK HAWK,US 63,US 63/HUDSON RD,Collision with fixed object:  Ditch,Outside trafficway,Non-collision (single vehicle),Ran off road - left,None Indicated,,Daylight,Dry,Clear,None apparent,Non-intersection:  Non-junction/no special feature,Paved,,Property Damage Only,0,0,0,0,0,0,4000,1,2,,POINT (-92.456003254974 42.341346928408)
2014834721,C14121280,12/13/2014,12-December,7-Saturday,14:05,1400 Hours,District 2 (Northeast),CEDAR FALLS,BLACK HAWK,IA 27,IA 27,Collision with:  Vehicle in traffic,On Roadway,Rear-end (front to rear),FTYROW:  Other (explain in narrative),None Indicated,,Daylight,Dry,Cloudy,None apparent,Non-intersection:  Non-junction/no special feature,Paved,,Minor Injury,0,3,0,1,2,0,14000,3,5,,POINT (-92.448655533258 42.488784679283)
2014836827,,12/13/2014,12-December,7-Saturday,19:34,1900 Hours,District 2 (Northeast),DECORAH,WINNESHIEK,,W MAIN ST,Collision with fixed object:  Tree,Outside trafficway,Non-collision (single vehicle),Ran off road - right,None Indicated,,Dark - roadway not lighted,Wet,Rain,Unknown,Non-intersection:  Non-junction/no special feature,Paved,,Property Damage Only,0,0,0,0,0,0,1500,1,1,,POINT (-91.791394498702 43.303274809718)
2014834628,14-005855,12/13/2014,12-December,7-Saturday,15:59,1500 Hours,District 1 (Central),AMES,STORY,US 69,US 69/GRAND AVE & 6TH ST,Collision with:  Vehicle in traffic,On Roadway,Rear-end (front to rear),"Operating vehicle in an reckless, erratic, careless, negligent manner",Drug,,Daylight,Dry,Cloudy,None apparent,Intersection:  Four-way intersection,Paved,,Property Damage Only,0,0,0,0,0,0,1500,2,3,,POINT (-93.620223901884 42.026819314473)
2014833398,2014069097,12/13/2014,12-December,7-Saturday,13:05,1300 Hours,District 1 (Central),ANKENY,POLK,I-35,I-35,Non-collision events:  Overturn/rollover,Shoulder,Non-collision (single vehicle),Swerving/Evasive Action,None Indicated,,Daylight,Wet,Cloudy,None apparent,Interchange-related:  Off-ramp,Paved,,Possible/Unknown,0,4,0,0,4,0,2000,1,4,,POINT (-93.573563077437 41.654916217234)
2014833924,14-031213-01,12/13/2014,12-December,7-Saturday,19:30,1900 Hours,District 6 (East Central),,IOWA,IA 149,IA 149/M AVE,Collision with:  Animal,,,Animal,None Indicated,,,,,,,Paved,,Property Damage Only,0,0,0,0,0,0,1500,1,1,,POINT (-92.064970480527 41.542944973398)
2014833634,14028854,12/13/2014,12-December,7-Saturday,14:07,1400 Hours,District 5 (Southeast),OSKALOOSA,MAHASKA,IA 92,IA 92/A AVE W & N E ST,Collision with:  Vehicle in traffic,On Roadway,Head-on (front to front),FTYROW:  Making left turn,None Indicated,,Daylight,Dry,Cloudy,None apparent,Non-intersection:  Driveway access (within),Paved,,Property Damage Only,0,0,0,0,0,0,4000,2,5,,POINT (-92.650960064809 41.296221046631)
2014834607,90-14-000429,12/13/2014,12-December,7-Saturday,04:29,0400 Hours,District 2 (Northeast),,HUMBOLDT,US 169,US 169/LINCOLN AVE,Collision with:  Animal,On Roadway,Non-collision (single vehicle),Animal,None Indicated,,Dark - roadway not lighted,Wet,"Fog, smoke, smog",None apparent,Non-intersection:  Non-junction/no special feature,Paved,,Property Damage Only,0,0,0,0,0,0,3000,1,1,,POINT (-94.227356357291 42.895338081145)
2014833302,2014013752,12/13/2014,12-December,7-Saturday,17:10,1700 Hours,District 6 (East Central),IOWA CITY,JOHNSON,,BOWERY ST & SUMMIT ST,Collision with:  Parked motor vehicle,On Roadway,Rear-end (front to rear),Driver Distraction:  Inattentive/lost in thought,None Indicated,,Dark - roadway lighted,Dry,Clear,None apparent,Non-intersection:  Non-junction/no special feature,Paved,,Property Damage Only,0,0,0,0,0,0,10000,2,1,,POINT (-91.521168327116 41.654083825067)
2014833368,2014-040504,12/13/2014,12-December,7-Saturday,10:41,1000 Hours,District 6 (East Central),DUBUQUE,DUBUQUE,IA 32,IA 32/IA32 NW ARTERIAL & PLAZA DR,Collision with:  Vehicle in traffic,On Roadway,"Angle, oncoming left turn",FTYROW:  Making left turn,None Indicated,,Daylight,Wet,Rain,None apparent,Intersection:  Four-way intersection,Paved,,Property Damage Only,0,0,0,0,0,0,31456,2,2,,POINT (-90.738556667319 42.520701197088)
2014833467,2014-85302,12/14/2014,12-December,1-Sunday,11:04,1100 Hours,District 6 (East Central),DAVENPORT,SCOTT,,E 53RD ST & ELMORE AVE,Collision with:  Vehicle in traffic,On Roadway,Rear-end (front to rear),Followed too close,None Indicated,,Daylight,Wet,Cloudy,None apparent,Intersection:  Four-way intersection,Paved,,Property Damage Only,0,0,0,0,0,0,2700,2,2,,POINT (-90.528633884269 41.574888132948)
2014833466,2014-85297,12/14/2014,12-December,1-Sunday,09:45,0900 Hours,District 6 (East Central),DAVENPORT,SCOTT,I-74,I-74 & E 53RD ST,Collision with fixed object:  Ditch,On Roadway,Non-collision (single vehicle),Driving too fast for conditions,None Indicated,,Daylight,Wet,Cloudy,None apparent,Non-intersection:  Non-junction/no special feature,Paved,,Property Damage Only,0,0,0,0,0,0,5000,1,1,,POINT (-90.520263208762 41.57486090638)
2014834487,14-11715,12/14/2014,12-December,1-Sunday,23:24,2300 Hours,District 5 (Southeast),MOUNT PLEASANT,HENRY,,E WARREN ST,Collision with:  Vehicle in traffic,On Roadway,Rear-end (front to rear),Illegally Parked/Unattended,None Indicated,,Dark - roadway not lighted,Dry,Cloudy,None apparent,Non-intersection:  Non-junction/no special feature,Paved,,Property Damage Only,0,0,0,0,0,0,4000,2,1,,POINT (-91.547286766701 40.962767502223)
2014834147,201418600,12/14/2014,12-December,1-Sunday,12:43,1200 Hours,District 6 (East Central),CEDAR RAPIDS,LINN,I-380,I-380 & IA 922/1ST AVE/1ST AVE W & 3RD ST SW & 3RD ST NW,Collision with:  Vehicle in traffic,On Roadway,Broadside (front to side),Ran Traffic Signal,None Indicated,,Daylight,Wet,Cloudy,None apparent,Intersection:  Four-way intersection,Paved,,Property Damage Only,0,0,0,0,0,0,7000,2,4,,POINT (-91.675714588398 41.9756609601)
2014854629,14680927,12/14/2014,12-December,1-Sunday,18:55,1800 Hours,District 5 (Southeast),,MONROE,,Co Rd H27/165TH ST,Collision with:  Animal,,,Animal,None Indicated,,,,,,,Paved,,Property Damage Only,0,0,0,0,0,0,2000,1,777,,POINT (-92.724406299959 41.06237591768)
2014833712,,12/14/2014,12-December,1-Sunday,09:30,0900 Hours,District 6 (East Central),MARENGO,IOWA,,MARION ST & COURT AVE,Collision with:  Vehicle in traffic,On Roadway,Broadside (front to side),FTYROW:  From yield sign,None Indicated,,Daylight,Wet,Cloudy,None apparent,Intersection:  Four-way intersection,Paved,,Property Damage Only,0,0,0,0,0,0,2500,3,3,,POINT (-92.070111407182 41.7976879238)
2014833348,14-2788,12/14/2014,12-December,1-Sunday,10:58,1000 Hours,District 1 (Central),URBANDALE,POLK,,BIRCHWOOD CT & NW 86TH ST & NORTHPARK DR,Collision with:  Vehicle in traffic,On Roadway,"Angle, oncoming left turn",Made improper turn,None Indicated,,Daylight,Wet,Cloudy,None apparent,Intersection:  Four-way intersection,Paved,,Property Damage Only,0,0,0,0,0,0,3500,2,2,,POINT (-93.736460442541 41.65546507618)
2014836901,,12/14/2014,12-December,1-Sunday,16:54,1600 Hours,District 2 (Northeast),,WINNESHIEK,,Co Rd A14/CO RD A14 & 198TH AVE,Collision with fixed object:  Ditch,On Roadway,Non-collision (single vehicle),Ran off road - straight,None Indicated,,Dark - roadway not lighted,Wet,"Fog, smoke, smog",None apparent,Intersection:  T-intersection,Paved,,Possible/Unknown,0,1,0,0,1,0,4300,1,1,,POINT (-91.790938972701 43.486436502717)
2014834842,90-14-434,12/14/2014,12-December,1-Sunday,17:14,1700 Hours,District 2 (Northeast),HUMBOLDT,HUMBOLDT,,GOTCH PARK RD,Collision with:  Animal,,,Animal,None Indicated,,,,,,,Paved,,Property Damage Only,0,0,0,0,0,0,1501,1,1,,POINT (-94.207202704355 42.710746765754)
2014833968,C14003958,12/14/2014,12-December,1-Sunday,20:17,2000 Hours,District 6 (East Central),CORALVILLE,JOHNSON,US 6,US 6/2ND ST,Non-collision events:  Overturn/rollover,Outside trafficway,Non-collision (single vehicle),Driving too fast for conditions,None Indicated,,Dark - roadway lighted,Wet,"Fog, smoke, smog",None apparent,Non-intersection:  Non-junction/no special feature,Paved,,Possible/Unknown,0,2,0,0,2,0,18500,1,3,,POINT (-91.632721797326 41.702436013007)