Iowa DOT Case Number,Law Enforcement Case Number,Date of Crash,Month of Crash,Day of Week,Time of Crash,Hour,DOT District,City Name,County Name,Route with System,Location Description,First Harmful Event,Location of First Harmful Event,Manner of Crash/Collision,Major Cause,Drug or Alcohol ,Environmental Conditions,Light Conditions,Surface Conditions,Weather Conditions,Roadway Contribution,Roadway Type,Roadway Surface,Work Zone,Crash Severity,Number of Fatalities,Number of Injuries,Number of Major Injuries,Number of Minor Injuries,Number of Possible Injuries,Number of Unknown Injuries,Amount of Property Damage,Number of Vehicles Involved,Total Number of Occupants,Travel Direction,Location
2014833383,K14-038022,12/14/2014,12-December,1-Sunday,21:14,2100 Hours,District 5 (Southeast),KEOKUK,LEE,,8TH ST S & PALEAN ST,Collision with:  Parked motor vehicle,Roadside,Broadside (front to side),Traveling wrong way or on wrong side of road,Alcohol (Statutory),,Dark - roadway lighted,Dry,Clear,None apparent,Non-intersection:  Non-junction/no special feature,Paved,,Property Damage Only,0,0,0,0,0,0,2900,2,1,,POINT (-91.39199384664 40.394341981982)
2014833473,SO1405434,12/14/2014,12-December,1-Sunday,14:02,1400 Hours,District 5 (Southeast),,JEFFERSON,US 34,US 34,Collision with:  Animal,,,Animal,None Indicated,,,,,,,Paved,,Property Damage Only,0,0,0,0,0,0,8000,1,1,,POINT (-91.808401751938 40.996209416362)
2014834931,201400060465,12/14/2014,12-December,1-Sunday,17:04,1700 Hours,District 5 (Southeast),OTTUMWA,WAPELLO,US 34,US 34/MYRTLE ST & BARDELL ST,Collision with:  Vehicle in traffic,On Roadway,Broadside (front to side),Ran Stop Sign,None Indicated,,Dark - roadway lighted,Dry,Clear,None apparent,Intersection:  Intersection with ramp,Paved,,Possible/Unknown,0,1,0,0,1,0,7700,2,2,,POINT (-92.416213324155 41.010069661593)
2014833849,14-40724,12/14/2014,12-December,1-Sunday,12:07,1200 Hours,District 3 (Northwest),SIOUX CITY,WOODBURY,,3RD ST & PIERCE ST,Collision with:  Vehicle in traffic,On Roadway,Broadside (front to side),Ran Traffic Signal,None Indicated,,Daylight,Wet,Clear,None apparent,Intersection:  Four-way intersection,Paved,,Property Damage Only,0,0,0,0,0,0,7000,2,3,,POINT (-96.404913045546 42.493084939081)
2014833334,139-14,12/14/2014,12-December,1-Sunday,20:53,2000 Hours,District 4 (Southwest),,MADISON,IA 92,IA 92/IOWA 92,Collision with:  Animal,,,Animal,None Indicated,,,,,,,Paved,,Property Damage Only,0,0,0,0,0,0,2500,1,1,,POINT (-94.087415403654 41.330256366518)
2014837022,,12/14/2014,12-December,1-Sunday,01:03,0100 Hours,District 1 (Central),,WEBSTER,,Co Rd D26/230TH ST & Co Rd P33/GEORGE AVE,Non-collision events:  Overturn/rollover,On Roadway,Non-collision (single vehicle),Swerving/Evasive Action,None Indicated,,Dark - roadway not lighted,"Mud, dirt",Clear,None apparent,Non-intersection:  Non-junction/no special feature,Paved,,Property Damage Only,0,0,0,0,0,0,2500,1,1,,POINT (-94.290871701636 42.456048776501)
2014837216,14-009108,12/14/2014,12-December,1-Sunday,07:50,0700 Hours,District 3 (Northwest),,PALO ALTO,,Co Rd N60/530 AVE,Collision with:  Animal,,,Animal,None Indicated,,,,,,,Paved,,Property Damage Only,0,0,0,0,0,0,3000,1,1,,POINT (-94.54158002615 43.124339796351)
2014834372,2014-85296,12/14/2014,12-December,1-Sunday,09:41,0900 Hours,District 6 (East Central),DAVENPORT,SCOTT,,IA 461/HARRISON ST & W LOCUST ST,Collision with:  Vehicle in traffic,On Roadway,"Sideswipe, opposite direction",Unknown,None Indicated,,Daylight,Wet,Cloudy,None apparent,Intersection:  Four-way intersection,Paved,,Major Injury,0,5,3,2,0,0,17000,2,5,,POINT (-90.577233957256 41.538285400634)
2014834437,4514-066,12/14/2014,12-December,1-Sunday,23:45,2300 Hours,District 2 (Northeast),,HOWARD,IA 9,IA 9/IOWA 9,Collision with:  Animal,,,Animal,None Indicated,,,,,,,Paved,,Property Damage Only,0,0,0,0,0,0,2000,1,1,,POINT (-92.536035797537 43.363971369234)
2014833310,W14-121506,12/14/2014,12-December,1-Sunday,06:22,0600 Hours,District 2 (Northeast),WATERLOO,BLACK HAWK,,OAK AVE & W ARGYLE ST,Collision with:  Vehicle in traffic,On Roadway,Rear-end (front to rear),Lost Control,None Indicated,,Dark - roadway lighted,Wet,Rain,None apparent,Intersection:  Other intersection (explain in narrative),Paved,,Property Damage Only,0,0,0,0,0,0,5000,2,1,,POINT (-92.340642203276 42.505775536593)
2014834191,2014069247,12/14/2014,12-December,1-Sunday,18:20,1800 Hours,District 5 (Southeast),,CLARKE,I-35,I-35,Collision with:  Animal,,,Animal,None Indicated,,,,,,,Paved,,Property Damage Only,0,0,0,0,0,0,2500,1,1,,POINT (-93.788257293604 41.141450511282)
2014833355,2014-014384,12/14/2014,12-December,1-Sunday,13:47,1300 Hours,District 6 (East Central),,DUBUQUE,US 20,US 20 & DUTCH LANE RD,Collision with:  Vehicle in traffic,On Roadway,Broadside (front to side),Ran Stop Sign,None Indicated,,Daylight,Wet,Rain,None apparent,Intersection:  T-intersection,Paved,,Minor Injury,0,10,0,3,7,0,30000,2,8,,POINT (-90.879512432124 42.440854222032)
2014833598,20140036962,12/14/2014,12-December,1-Sunday,23:50,2300 Hours,District 1 (Central),DES MOINES,POLK,,MCKINLEY AVE & FLEUR DR,Collision with:  Vehicle in traffic,On Roadway,Rear-end (front to rear),Lost Control,Refused,,Dark - roadway lighted,Wet,Cloudy,None apparent,Intersection:  Four-way intersection,Paved,,Property Damage Only,0,0,0,0,0,0,12000,2,2,,POINT (-93.645028259821 41.541019240113)
2014834040,2014069211,12/14/2014,12-December,1-Sunday,13:24,1300 Hours,District 4 (Southwest),,DALLAS,US 169,US 169/N AVE,Collision with:  Vehicle in traffic,On Roadway,"Sideswipe, same direction",Made improper turn,None Indicated,,Daylight,Wet,Cloudy,None apparent,Non-intersection:  Non-junction/no special feature,Paved,,Minor Injury,0,4,0,1,3,0,13000,2,4,,POINT (-94.028321317249 41.849511580739)
2014854630,14680928,12/14/2014,12-December,1-Sunday,19:32,1900 Hours,District 5 (Southeast),,MONROE,,Co Rd H21/140TH ST,Non-collision events:  Overturn/rollover,On Roadway,Non-collision (single vehicle),Ran off road - left,None Indicated,,Dark - roadway not lighted,Dry,Clear,None apparent,Non-intersection:  Non-junction/no special feature,Unpaved,,Property Damage Only,0,0,0,0,0,0,5000,1,2,,POINT (-92.639963667559 41.103976580083)
2014833377,C14121559,12/14/2014,12-December,1-Sunday,12:06,1200 Hours,District 2 (Northeast),CEDAR FALLS,BLACK HAWK,,S FRONTAGE RD & HOLIDAY RD,Collision with:  Vehicle in traffic,Outside trafficway,Broadside (front to side),"Operating vehicle in an reckless, erratic, careless, negligent manner",None Indicated,,Daylight,Dry,Cloudy,None apparent,Non-intersection:  Driveway access (within),Paved,,Property Damage Only,0,0,0,0,0,0,2500,2,5,,POINT (-92.433301408227 42.512800408368)
2014833610,14-8209,12/14/2014,12-December,1-Sunday,17:45,1700 Hours,District 1 (Central),,POLK,,Co Rd F38/NE 78TH AVE,Collision with:  Animal,,,Animal,None Indicated,,,,,,,Paved,,Property Damage Only,0,0,0,0,0,0,2000,1,1,,POINT (-93.54491526078 41.702865420483)
2014834038,2014069192,12/14/2014,12-December,1-Sunday,07:25,0700 Hours,District 3 (Northwest),,CLAY,US 18,US 18,Collision with:  Animal,,,Animal,None Indicated,,,,,,,Paved,,Property Damage Only,0,0,0,0,0,0,5000,1,1,,POINT (-95.079277802599 43.127553518151)
2014833871,1412140551,12/14/2014,12-December,1-Sunday,05:51,0500 Hours,District 6 (East Central),,JONES,,190 ST & 122 AVE,Collision with:  Animal,,,Animal,None Indicated,,,,,,,Paved,,Property Damage Only,0,0,0,0,0,0,3500,1,1,,POINT (-91.115862555898 42.208558037533)
2014833287,S14-121660,12/14/2014,12-December,1-Sunday,18:23,1800 Hours,District 2 (Northeast),,BLACK HAWK,I-380,I-380,Collision with:  Animal,,,Animal,None Indicated,,,,,,,Paved,,Property Damage Only,0,0,0,0,0,0,6000,1,1,,POINT (-92.11766710037 42.380535025494)
2014835126,2014-85273,12/14/2014,12-December,1-Sunday,03:39,0300 Hours,District 6 (East Central),DAVENPORT,SCOTT,,W 17TH ST,Collision with:  Parked motor vehicle,On Roadway,Broadside (front to side),Lost Control,None Indicated,,Dark - roadway lighted,Wet,Clear,None apparent,Non-intersection:  Non-junction/no special feature,Paved,,Property Damage Only,0,0,0,0,0,0,3200,4,4,,POINT (-90.592018812795 41.536866885183)
2014834346,2014-26733,12/14/2014,12-December,1-Sunday,15:03,1500 Hours,District 5 (Southeast),INDIANOLA,WARREN,US 65,US 65/N JEFFERSON WAY & E ASHLAND AVE,Collision with:  Vehicle in traffic,On Roadway,Broadside (front to side),Ran Traffic Signal,None Indicated,,Daylight,Dry,Cloudy,None apparent,Intersection:  Four-way intersection,Paved,,Possible/Unknown,0,1,0,0,1,0,18000,2,2,,POINT (-93.558304370467 41.361314450027)
2014833668,20140036912,12/14/2014,12-December,1-Sunday,09:00,0900 Hours,District 1 (Central),DES MOINES,POLK,,CLARK ST & 12TH ST,Collision with:  Vehicle in traffic,On Roadway,"Sideswipe, same direction",Ran Stop Sign,None Indicated,,Daylight,Wet,Cloudy,None apparent,Intersection:  Four-way intersection,Paved,,Property Damage Only,0,0,0,0,0,0,3500,2,2,,POINT (-93.632964994211 41.605884589148)
2014833722,147279,12/14/2014,12-December,1-Sunday,03:36,0300 Hours,District 1 (Central),,HARDIN,US 20,US 20/NW RAMP,Collision with:  Animal,,,Animal,None Indicated,,,,,,,Paved,,Property Damage Only,0,0,0,0,0,0,1500,1,1,,POINT (-93.389449740711 42.448202077878)
2014841920,A14099,12/14/2014,12-December,1-Sunday,11:04,1100 Hours,District 5 (Southeast),KNOXVILLE,MARION,,W BELL AVE,Collision with:  Vehicle in traffic,On Roadway,Broadside (front to side),FTYROW:  From stop sign,None Indicated,,Daylight,Dry,Cloudy,Other (explain in narrative),Intersection:  T-intersection,Unpaved,,Possible/Unknown,0,1,0,0,1,0,2500,2,3,,POINT (-93.109280688911 41.306264573869)
2014836844,A391214-2829,12/14/2014,12-December,1-Sunday,18:20,1800 Hours,District 4 (Southwest),,GUTHRIE,IA 25,IA 25/IOWA 25,Non-collision events:  Overturn/rollover,Roadside,Non-collision (single vehicle),Swerving/Evasive Action,None Indicated,,Dark - roadway not lighted,Wet,Rain,None apparent,Non-intersection:  Non-junction/no special feature,Paved,,Major Injury,0,1,1,0,0,0,2000,1,2,,POINT (-94.492588863091 41.754637754788)
2014833872,143807,12/14/2014,12-December,1-Sunday,23:00,2300 Hours,District 3 (Northwest),DENISON,CRAWFORD,,N 22ND ST,Collision with:  Parked motor vehicle,On Roadway,Unknown,Unknown,None Indicated,,Dark - unknown roadway lighting,Wet,Rain,None apparent,Non-intersection:  Non-junction/no special feature,Paved,,Property Damage Only,0,0,0,0,0,0,1500,2,1,,POINT (-95.3413819583 42.01725358636)
2014834060,14188051,12/14/2014,12-December,1-Sunday,13:30,1300 Hours,District 6 (East Central),,JOHNSON,,Co Rd W66/DUBUQUE ST,Collision with:  Vehicle in traffic,On Roadway,Rear-end (front to rear),Followed too close,None Indicated,,Daylight,Wet,Cloudy,None apparent,Non-intersection:  Driveway access (within),Paved,,Minor Injury,0,1,0,1,0,0,7500,2,2,,POINT (-91.555942297086 41.720401957981)
2014833786,S14-13123,12/14/2014,12-December,1-Sunday,18:15,1800 Hours,District 3 (Northwest),SIOUX CITY,WOODBURY,,Co Rd D12/110TH ST & 120TH ST & TAFT ST,Collision with:  Animal,,,Animal,None Indicated,,,,,,,Paved,,Property Damage Only,0,0,0,0,0,0,8000,1,1,,POINT (-96.331846410566 42.547280910959)
2014835127,2014-85362,12/14/2014,12-December,1-Sunday,18:39,1800 Hours,District 6 (East Central),DAVENPORT,SCOTT,US 67,US 67/GAINES ST/W 2ND ST,Collision with:  Vehicle in traffic,On Roadway,"Angle, oncoming left turn",Unknown,None Indicated,,Dark - roadway lighted,Wet,Rain,None apparent,Non-intersection:  Non-junction/no special feature,Paved,,Property Damage Only,0,0,0,0,0,0,3000,2,3,,POINT (-90.583392485315 41.521302850348)
2014834190,2014069208,12/14/2014,12-December,1-Sunday,12:23,1200 Hours,District 5 (Southeast),,CLARKE,I-35,I-35,Collision with:  Vehicle in traffic,On Roadway,"Sideswipe, same direction",Swerving/Evasive Action,None Indicated,,Daylight,Dry,Cloudy,None apparent,Non-intersection:  Non-junction/no special feature,Paved,,Minor Injury,0,1,0,1,0,0,7500,2,2,,POINT (-93.77736811136 41.099205225754)
2014833577,14008595,12/14/2014,12-December,1-Sunday,13:50,1300 Hours,District 1 (Central),JEWELL,HAMILTON,IA 175,IA 175/EDWARDS ST/330TH ST & SARATOGA AVE,Collision with:  Animal,,,Animal,None Indicated,,,,,,,Paved,,Property Damage Only,0,0,0,0,0,0,3500,1,1,,POINT (-93.620451666805 42.310337950893)
2014833275,14187931,12/14/2014,12-December,1-Sunday,05:52,0500 Hours,District 6 (East Central),,JOHNSON,US 6,US 6 & OASIS RD,Collision with:  Animal,On Roadway,Non-collision (single vehicle),Animal,None Indicated,,,,,,,Paved,,Property Damage Only,0,0,0,0,0,0,5000,1,1,,POINT (-91.385818692832 41.605165660884)
2014834039,2014069197,12/14/2014,12-December,1-Sunday,09:28,0900 Hours,District 1 (Central),ANKENY,POLK,I-35,I-35,Non-collision events:  Overturn/rollover,Shoulder,Non-collision (single vehicle),Swerving/Evasive Action,None Indicated,,Daylight,Wet,Cloudy,None apparent,Non-intersection:  Non-junction/no special feature,Paved,,Possible/Unknown,0,1,0,0,1,0,10000,1,1,,POINT (-93.573778288761 41.654807056745)
2014833778,14-001495,12/14/2014,12-December,1-Sunday,13:14,1300 Hours,District 1 (Central),JOHNSTON,POLK,,NW 66TH AVE & MERLE HAY RD,Collision with:  Vehicle in traffic,On Roadway,"Sideswipe, same direction",Improper or erratic lane changing,None Indicated,,Daylight,Dry,Cloudy,None apparent,Non-intersection:  Non-junction/no special feature,Paved,,Property Damage Only,0,0,0,0,0,0,3400,2,6,,POINT (-93.697723863715 41.680665455122)
2014834802,201404620,12/14/2014,12-December,1-Sunday,19:56,1900 Hours,District 6 (East Central),PRAIRIEBURG,LINN,,Co Rd E28/BUFFALO RIDGE RD,Collision with:  Animal,On Roadway,Non-collision (single vehicle),Animal,None Indicated,,Dark - roadway not lighted,Wet,"Fog, smoke, smog",None apparent,Non-intersection:  Non-junction/no special feature,Paved,,Property Damage Only,0,0,0,0,0,0,5500,1,1,,POINT (-91.399260944246 42.165051127457)
2014833341,14-037990,12/14/2014,12-December,1-Sunday,13:04,1300 Hours,District 5 (Southeast),,LEE,US 61,US 61,Collision with:  Animal,,,Animal,None Indicated,,,,,,,Paved,,Property Damage Only,0,0,0,0,0,0,2800,1,1,,POINT (-91.244744885985 40.696599123823)
2014833442,14-40739,12/14/2014,12-December,1-Sunday,14:52,1400 Hours,District 3 (Northwest),SIOUX CITY,WOODBURY,,21ST ST & COURT ST,Collision with:  Vehicle in traffic,On Roadway,Broadside (front to side),FTYROW:  From stop sign,None Indicated,,Daylight,Wet,Rain,None apparent,Intersection:  Four-way intersection,Paved,,Property Damage Only,0,0,0,0,0,0,3500,2,3,,POINT (-96.396024742178 42.512060272107)
2014834821,2014069258,12/14/2014,12-December,1-Sunday,20:30,2000 Hours,District 6 (East Central),,CEDAR,I-80,I-80,Collision with fixed object:  Traffic sign support,Roadside,Non-collision (single vehicle),Ran off road - right,Alcohol (Statutory),,Dark - roadway not lighted,Wet,Cloudy,None apparent,Non-intersection:  Non-junction/no special feature,Paved,,Property Damage Only,0,0,0,0,0,0,4200,1,1,,POINT (-90.977023829747 41.633561691098)
2014833884,20140037054,12/15/2014,12-December,2-Monday,18:15,1800 Hours,District 1 (Central),DES MOINES,POLK,,ARMY POST RD & FLEUR DR,Collision with:  Vehicle in traffic,On Roadway,Rear-end (front to rear),Followed too close,None Indicated,,Dark - roadway lighted,Wet,Rain,"Surface condition (e.g., wet, icy)",Intersection:  Four-way intersection,Paved,,Property Damage Only,0,0,0,0,0,0,4000,2,4,,POINT (-93.644974905912 41.52599531044)
2014834063,14121912,12/15/2014,12-December,2-Monday,15:21,1500 Hours,District 2 (Northeast),CEDAR FALLS,BLACK HAWK,,6TH ST & WASHINGTON ST,Collision with:  Vehicle in traffic,On Roadway,Broadside (front to side),FTYROW:  From stop sign,None Indicated,,Daylight,Wet,Rain,None apparent,Intersection:  Four-way intersection,Paved,,Property Damage Only,0,0,0,0,0,0,8000,2,3,,POINT (-92.446840077752 42.533228684494)
2014833296,20140037006,12/15/2014,12-December,2-Monday,12:45,1200 Hours,District 1 (Central),DES MOINES,POLK,,GRAND AVE,Collision with fixed object:  Tree,Outside trafficway,Non-collision (single vehicle),Ran off road - right,None Indicated,,Daylight,Wet,Rain,None apparent,Non-intersection:  Non-junction/no special feature,Paved,,Minor Injury,0,1,0,1,0,0,8500,1,1,,POINT (-93.671446011008 41.584490280822)
2014833898,C14003969,12/15/2014,12-December,2-Monday,18:10,1800 Hours,District 6 (East Central),CORALVILLE,JOHNSON,,HEARTLAND DR,Collision with:  Vehicle in traffic,On Roadway,Rear-end (front to rear),Followed too close,None Indicated,,Dark - roadway lighted,Wet,Rain,None apparent,Intersection:  Four-way intersection,Paved,,Possible/Unknown,0,1,0,0,1,0,11250,4,5,,POINT (-91.609314333355 41.700551873575)
2014833881,20140037041,12/15/2014,12-December,2-Monday,17:11,1700 Hours,District 1 (Central),DES MOINES,POLK,I-235,I-235 & KEOSAUQUA WAY,Collision with:  Vehicle in traffic,On Roadway,"Angle, oncoming left turn",Ran Traffic Signal,None Indicated,,Dark - roadway lighted,Wet,Rain,None apparent,Intersection:  Intersection with ramp,Paved,,Property Damage Only,0,0,0,0,0,0,3500,2,3,,POINT (-93.635988382749 41.596023002667)
2014835077,14-121957,12/15/2014,12-December,2-Monday,19:19,1900 Hours,District 2 (Northeast),EVANSDALE,BLACK HAWK,,TRAIL AVE & RIVER FOREST RD,Collision with:  Vehicle in traffic,On Roadway,Broadside (front to side),FTYROW:  Making left turn,None Indicated,,Dark - roadway lighted,Wet,Rain,None apparent,Intersection:  Four-way intersection,Paved,,Property Damage Only,0,0,0,0,0,0,6000,2,3,,POINT (-92.297771826862 42.464643345656)
2014833823,201418655,12/15/2014,12-December,2-Monday,11:10,1100 Hours,District 6 (East Central),CEDAR RAPIDS,LINN,,29TH ST NE & OAKLAND RD NE,Collision with:  Vehicle in traffic,On Roadway,"Sideswipe, same direction",Made improper turn,None Indicated,,Daylight,Wet,Cloudy,None apparent,Intersection:  Four-way intersection,Paved,,Property Damage Only,0,0,0,0,0,0,4200,2,3,,POINT (-91.659634884074 42.006861688328)
2014836845,A391214-2841,12/15/2014,12-December,2-Monday,18:15,1800 Hours,District 4 (Southwest),,GUTHRIE,,VICTORY TRL,Collision with:  Animal,On Roadway,Non-collision (single vehicle),Animal,None Indicated,,Dark - roadway not lighted,Wet,Rain,None apparent,Non-intersection:  Non-junction/no special feature,Unpaved,,Property Damage Only,0,0,0,0,0,0,4000,1,1,,POINT (-94.33763338697 41.53249907415)
2014833815,20140037023,12/15/2014,12-December,2-Monday,15:35,1500 Hours,District 1 (Central),DES MOINES,POLK,,OVID AVE & E OVID AVE & 2ND AVE,Collision with:  Vehicle in traffic,On Roadway,"Sideswipe, same direction","Operating vehicle in an reckless, erratic, careless, negligent manner",None Indicated,,Daylight,Wet,Rain,None apparent,Non-intersection:  Non-junction/no special feature,Paved,,Property Damage Only,0,0,0,0,0,0,4000,2,3,,POINT (-93.619907726053 41.625906706644)
2014833856,14-40854,12/15/2014,12-December,2-Monday,16:43,1600 Hours,District 3 (Northwest),SIOUX CITY,WOODBURY,,W 6TH ST & ISABELLA ST,Collision with:  Vehicle in traffic,On Roadway,Broadside (front to side),Ran Stop Sign,None Indicated,,Daylight,Wet,Rain,None apparent,Intersection:  Four-way intersection,Paved,,Property Damage Only,0,0,0,0,0,0,9000,2,5,,POINT (-96.423963740711 42.503051937534)
2014833969,002314,12/15/2014,12-December,2-Monday,23:07,2300 Hours,District 2 (Northeast),,MITCHELL,,Co Rd T26/GLASS AVE,Collision with:  Animal,On Roadway,Non-collision (single vehicle),Animal,None Indicated,,Dark - roadway not lighted,Wet,Cloudy,None apparent,Non-intersection:  Non-junction/no special feature,Paved,,Property Damage Only,0,0,0,0,0,0,10000,1,1,,POINT (-92.905009176928 43.226859155043)
2014833886,20140037059,12/15/2014,12-December,2-Monday,19:34,1900 Hours,District 1 (Central),DES MOINES,POLK,,E ARMY POST RD & SE 5TH ST,Collision with:  Vehicle in traffic,On Roadway,Broadside (front to side),FTYROW:  Making left turn,None Indicated,,Dark - roadway lighted,Wet,Rain,None apparent,Intersection:  Four-way intersection,Paved,,Property Damage Only,0,0,0,0,0,0,3000,2,3,,POINT (-93.606442994277 41.52635808595)
2014833812,2014-040576,12/15/2014,12-December,2-Monday,17:40,1700 Hours,District 6 (East Central),DUBUQUE,DUBUQUE,US 20,US 20/DODGE ST,Collision with:  Vehicle in traffic,On Roadway,Rear-end (front to rear),Lost Control,None Indicated,,Dark - roadway not lighted,Wet,Rain,None apparent,Non-intersection:  Non-junction/no special feature,Paved,,Property Damage Only,0,0,0,0,0,0,3000,2,2,,POINT (-90.738100141245 42.488813596535)
2014835720,2014121502,12/15/2014,12-December,2-Monday,12:06,1200 Hours,District 4 (Southwest),SHENANDOAH,PAGE,US 59,US 59/FREMONT ST & Co Rd J34/AIRPORT RD & W NISHNA RD,Collision with:  Vehicle in traffic,On Roadway,"Angle, oncoming left turn",Crossed centerline (undivided),None Indicated,,Daylight,Wet,Cloudy,"Surface condition (e.g., wet, icy)",Intersection:  Four-way intersection,Paved,,Property Damage Only,0,0,0,0,0,0,6000,2,4,,POINT (-95.385105659674 40.757207105951)
2014833661,20140036984,12/15/2014,12-December,2-Monday,09:00,0900 Hours,District 1 (Central),DES MOINES,POLK,,COTTAGE GROVE AVE & 29TH ST,Collision with:  Vehicle in traffic,On Roadway,Broadside (front to side),Ran Stop Sign,None Indicated,,Daylight,Wet,Rain,None apparent,Intersection:  Four-way intersection,Paved,,Property Damage Only,0,0,0,0,0,0,4000,2,2,,POINT (-93.656807467246 41.598464001373)
2014834746,1412152621,12/15/2014,12-December,2-Monday,17:55,1700 Hours,District 6 (East Central),,CLINTON,US 67,US 67 & 131 ST,Collision with:  Vehicle in traffic,On Roadway,Rear-end (front to rear),Animal,None Indicated,,Dark - roadway lighted,Wet,Rain,None apparent,Non-intersection:  Non-junction/no special feature,Paved,,Property Damage Only,0,0,0,0,0,0,3500,2,3,,POINT (-90.192239334216 41.993124928293)
2014834302,,12/15/2014,12-December,2-Monday,09:38,0900 Hours,District 2 (Northeast),OSSIAN,WINNESHIEK,US 52,US 52/MAIN ST/FISHER AVE,Collision with:  Vehicle in traffic,On Roadway,"Angle, oncoming left turn",Crossed centerline (undivided),None Indicated,,Daylight,Wet,Rain,None apparent,Intersection:  Y-intersection,Paved,,Possible/Unknown,0,1,0,0,1,0,3550,2,3,,POINT (-91.768690766391 43.146946844295)
2014833516,14-001475,12/15/2014,12-December,2-Monday,07:15,0700 Hours,District 1 (Central),,STORY,US 30,US 30,Collision with:  Vehicle in traffic,On Roadway,"Sideswipe, same direction",Crossed centerline (undivided),None Indicated,,Daylight,Wet,Rain,None apparent,Non-intersection:  Non-junction/no special feature,Paved,,Property Damage Only,0,0,0,0,0,0,3000,2,2,,POINT (-93.50718379006 42.008838883644)
2014833853,14-40815,12/15/2014,12-December,2-Monday,10:02,1000 Hours,District 3 (Northwest),SIOUX CITY,WOODBURY,,W 7TH ST & PERRY ST & WESLEY PKWY,Collision with:  Vehicle in traffic,On Roadway,"Angle, oncoming left turn",Made improper turn,None Indicated,,Daylight,Wet,Clear,None apparent,Non-intersection:  Non-junction/no special feature,Paved,,Minor Injury,0,2,0,2,0,0,6700,2,2,,POINT (-96.409751778828 42.499054955254)
2014834729,14-151217-01,12/15/2014,12-December,2-Monday,00:45,0000 Hours,District 6 (East Central),,IOWA,,Co Rd V38/B AVE,Collision with:  Animal,,,Animal,None Indicated,,,,,,,Paved,,Property Damage Only,0,0,0,0,0,0,2300,1,1,,POINT (-92.27955467279 41.653873237237)
2014833975,14-40949,12/15/2014,12-December,2-Monday,18:10,1800 Hours,District 3 (Northwest),SIOUX CITY,WOODBURY,IA 12,IA 12/RIVERSIDE BLVD,Collision with:  Animal,,,Animal,None Indicated,,,,,,,Paved,,Property Damage Only,0,0,0,0,0,0,3200,1,1,,POINT (-96.470516175155 42.50051545706)
2014835295,14233,12/15/2014,12-December,2-Monday,06:42,0600 Hours,District 5 (Southeast),PELLA,MARION,IA 163,IA 163/IOWA 163,Collision with:  Animal,,,Animal,None Indicated,,,,,,,Paved,,Property Damage Only,0,0,0,0,0,0,4000,1,1,,POINT (-92.939476007962 41.40339433492)
2014833967,A14-081,12/15/2014,12-December,2-Monday,17:22,1700 Hours,District 4 (Southwest),WINTERSET,MADISON,,W SUMMIT ST & S 8TH AVE,Collision with:  Vehicle in traffic,On Roadway,Broadside (front to side),FTYROW:  From stop sign,None Indicated,,Daylight,Wet,Rain,None apparent,Intersection:  Four-way intersection,Paved,,Property Damage Only,0,0,0,0,0,0,2050,3,4,,POINT (-94.023016642674 41.330234314898)
2014834170,2014-014398,12/15/2014,12-December,2-Monday,17:26,1700 Hours,District 6 (East Central),,DUBUQUE,US 151,US 151 & Co Rd D41/MONASTERY RD/SKYLINE RD,Collision with:  Vehicle in traffic,On Roadway,Broadside (front to side),FTYROW:  From yield sign,None Indicated,,Dark - roadway lighted,Wet,Rain,None apparent,Intersection:  Other intersection (explain in narrative),Paved,,Major Injury,0,2,1,1,0,0,16000,2,2,,POINT (-90.776526246971 42.38084411765)
2014833547,14-6350,12/15/2014,12-December,2-Monday,08:15,0800 Hours,District 1 (Central),WEST DES MOINES,POLK,I-235,I-235,Collision with:  Vehicle in traffic,On Roadway,"Sideswipe, same direction",FTYROW:  Other (explain in narrative),None Indicated,,Daylight,Wet,Cloudy,None apparent,Non-intersection:  Non-junction/no special feature,Paved,,Property Damage Only,0,0,0,0,0,0,6000,2,2,,POINT (-93.739117124452 41.592614007732)
2014834548,14121517741,12/15/2014,12-December,2-Monday,17:41,1700 Hours,District 6 (East Central),,JONES,US 151,US 151,Collision with:  Animal,,,Animal,None Indicated,,,,,,,Paved,,Property Damage Only,0,0,0,0,0,0,3500,1,1,,POINT (-91.247570925884 42.138571632542)
2014834917,2014-040574,12/15/2014,12-December,2-Monday,17:16,1700 Hours,District 6 (East Central),DUBUQUE,DUBUQUE,IA 32,IA 32/IA32 NW ARTERIAL & PENNSYLVANIA AVE,Collision with:  Vehicle in traffic,On Roadway,Rear-end (front to rear),Lost Control,None Indicated,,Dark - roadway lighted,Wet,Rain,None apparent,Non-intersection:  Non-junction/no special feature,Paved,,Property Damage Only,0,0,0,0,0,0,2000,2,2,,POINT (-90.740752968148 42.500969022354)
2014836274,PD14-11885,12/15/2014,12-December,2-Monday,07:00,0700 Hours,District 1 (Central),MARSHALLTOWN,MARSHALL,,PARK ST,Collision with:  Parked motor vehicle,On Roadway,Rear-end (front to rear),Lost Control,None Indicated,,Dark - roadway lighted,Wet,Cloudy,Unknown,Non-intersection:  Non-junction/no special feature,Paved,,Property Damage Only,0,0,0,0,0,0,5000,2,2,,POINT (-92.920261398218 42.055694258908)
2014833920,14-005416,12/15/2014,12-December,2-Monday,18:27,1800 Hours,District 1 (Central),ANKENY,POLK,US 69,US 69/S ANKENY BLVD/N ANKENY BLVD & W 1ST ST & E 1ST ST,Collision with:  Vehicle in traffic,On Roadway,"Angle, oncoming left turn",FTYROW:  Making left turn,None Indicated,,Dark - roadway lighted,Wet,Rain,None apparent,Intersection:  Four-way intersection,Paved,,Property Damage Only,0,0,0,0,0,0,4000,2,2,,POINT (-93.600375962325 41.731870994936)
2014834044,2014069463,12/15/2014,12-December,2-Monday,18:15,1800 Hours,District 6 (East Central),WILLIAMSBURG,IOWA,I-80,I-80,Collision with fixed object:  Guardrail - face,Roadside,Non-collision (single vehicle),Swerving/Evasive Action,None Indicated,,Dark - roadway not lighted,Wet,Rain,None apparent,Interchange-related:  On-ramp merge area,Paved,,Property Damage Only,0,0,0,0,0,0,4000,1,1,,POINT (-92.015735232742 41.687143288927)