Iowa DOT Case Number,Law Enforcement Case Number,Date of Crash,Month of Crash,Day of Week,Time of Crash,Hour,DOT District,City Name,County Name,Route with System,Location Description,First Harmful Event,Location of First Harmful Event,Manner of Crash/Collision,Major Cause,Drug or Alcohol ,Environmental Conditions,Light Conditions,Surface Conditions,Weather Conditions,Roadway Contribution,Roadway Type,Roadway Surface,Work Zone,Crash Severity,Number of Fatalities,Number of Injuries,Number of Major Injuries,Number of Minor Injuries,Number of Possible Injuries,Number of Unknown Injuries,Amount of Property Damage,Number of Vehicles Involved,Total Number of Occupants,Travel Direction,Location
2014834861,PD14-11887,12/15/2014,12-December,2-Monday,09:43,0900 Hours,District 1 (Central),MARSHALLTOWN,MARSHALL,IA 14,IA 14/S CENTER ST & W BERLE RD & E BERLE RD,Collision with:  Vehicle in traffic,On Roadway,Broadside (front to side),Ran Traffic Signal,None Indicated,,Daylight,Wet,Cloudy,None apparent,Intersection:  Four-way intersection,Paved,,Minor Injury,0,1,0,1,0,0,8000,2,2,,POINT (-92.912373972362 42.008619932999)
2014833805,14-24219,12/15/2014,12-December,2-Monday,10:18,1000 Hours,District 2 (Northeast),,BREMER,IA 93,IA 93/IOWA 93,Non-collision events:  Other non-collision (explain in narrative),On Roadway,Non-collision (single vehicle),Ran off road - right,None Indicated,,Daylight,Wet,Rain,None apparent,Non-intersection:  Non-junction/no special feature,Paved,,Property Damage Only,0,0,0,0,0,0,2500,1,2,,POINT (-92.282406095126 42.802501679835)
2014833734,121514-165,12/15/2014,12-December,2-Monday,20:25,2000 Hours,District 3 (Northwest),STORM LAKE,BUENA VISTA,US 71,US 71/130TH AVE,Non-collision events:  Jackknife,On Roadway,Non-collision (single vehicle),Lost Control,None Indicated,,Dark - roadway not lighted,Ice/frost,"Sleet, hail","Surface condition (e.g., wet, icy)",Intersection:  Four-way intersection,Paved,,Property Damage Only,0,0,0,0,0,0,15200,1,2,,POINT (-95.151637343279 42.628420582311)
2014833859,14-40871,12/15/2014,12-December,2-Monday,20:26,2000 Hours,District 3 (Northwest),SIOUX CITY,WOODBURY,,28TH ST & FLOYD BLVD,Collision with:  Vehicle in traffic,On Roadway,"Sideswipe, same direction",Made improper turn,None Indicated,,Dark - unknown roadway lighting,Wet,"Sleet, hail","Surface condition (e.g., wet, icy)",Intersection:  Four-way intersection,Paved,,Property Damage Only,0,0,0,0,0,0,5000,2,2,,POINT (-96.380466164878 42.519202115934)
2014833907,14-1128,12/15/2014,12-December,2-Monday,17:00,1700 Hours,District 1 (Central),WINDSOR HEIGHTS,POLK,US 6,US 6/HICKMAN RD,Collision with fixed object:  Curb/island/raised median,On Roadway,Non-collision (single vehicle),Made improper turn,None Indicated,,Dark - unknown roadway lighting,Wet,Rain,None apparent,Non-intersection:  Non-junction/no special feature,Paved,,Property Damage Only,0,0,0,0,0,0,1700,1,1,,POINT (-93.707336491902 41.614872584226)
2014835928,141-14,12/15/2014,12-December,2-Monday,17:11,1700 Hours,District 4 (Southwest),,MADISON,,Co Rd G4R/CUMMING RD,Collision with:  Animal,,,Animal,None Indicated,,,,,,,Paved,,Property Damage Only,0,0,0,0,0,0,3000,1,1,,POINT (-93.862126195841 41.441047186323)
2014833828,14-6357,12/15/2014,12-December,2-Monday,14:08,1400 Hours,District 4 (Southwest),WEST DES MOINES,DALLAS,,JORDAN CREEK PKWY,Collision with:  Vehicle in traffic,On Roadway,"Sideswipe, same direction",Other (explain in narrative):  Other,None Indicated,,Daylight,Wet,Rain,None apparent,Non-intersection:  Driveway access (within),Paved,,Property Damage Only,0,0,0,0,0,0,13000,2,3,,POINT (-93.808912496422 41.598449145986)
2014834695,2014069336,12/15/2014,12-December,2-Monday,11:20,1100 Hours,District 4 (Southwest),COUNCIL BLUFFS,POTTAWATTAMIE,,DENMARK DR & MCDERMOTT ST,Collision with:  Vehicle in traffic,On Roadway,Head-on (front to front),FTYROW:  From stop sign,None Indicated,,Daylight,Wet,Rain,None apparent,Intersection:  Four-way intersection,Paved,,Property Damage Only,0,0,0,0,0,0,10000,2,2,,POINT (-95.835086101828 41.220398285239)
2014833944,149765,12/15/2014,12-December,2-Monday,18:07,1800 Hours,District 4 (Southwest),,DALLAS,,Co Rd F90/360TH ST,Collision with:  Animal,,,Animal,None Indicated,,,,,,,Paved,,Property Damage Only,0,0,0,0,0,0,2000,1,1,,POINT (-93.927213615491 41.517832968494)
2014833985,2014-85575,12/15/2014,12-December,2-Monday,19:05,1900 Hours,District 6 (East Central),DAVENPORT,SCOTT,,WISCONSIN AVE,Collision with fixed object:  Ditch,Roadside,Non-collision (single vehicle),Ran off road - left,None Indicated,,Dark - roadway lighted,Wet,Rain,None apparent,Non-intersection:  Driveway access (within),Paved,,Property Damage Only,0,0,0,0,0,0,1520,1,1,,POINT (-90.649031537115 41.549026103737)
2014835215,14-005890,12/15/2014,12-December,2-Monday,22:46,2200 Hours,District 1 (Central),AMES,STORY,,S 4TH ST,Collision with:  Other non-fixed object (explain in narrative),On Roadway,Non-collision (single vehicle),Other (explain in narrative):  No improper action,None Indicated,,Dark - roadway lighted,Wet,Rain,None apparent,Non-intersection:  Non-junction/no special feature,Paved,,Minor Injury,0,1,0,1,0,0,11000,1,1,,POINT (-93.623001322894 42.019301795909)
2014834611,14-14381,12/15/2014,12-December,2-Monday,06:53,0600 Hours,District 3 (Northwest),,SIOUX,,Co Rd B40/390TH ST & Co Rd K42/GARFIELD AVE,Collision with fixed object:  Ditch,Shoulder,Non-collision (single vehicle),Ran off road - right,None Indicated,,Dark - roadway lighted,Wet,Rain,None apparent,Non-intersection:  Non-junction/no special feature,Paved,,Property Damage Only,0,0,0,0,0,0,66500,1,1,,POINT (-96.23436025778 43.084120238422)
2014834100,1215090314,12/15/2014,12-December,2-Monday,08:45,0800 Hours,District 4 (Southwest),REDDING,RINGGOLD,,Co Rd J55/CO HWY J55,Collision with fixed object:  Ditch,Shoulder,Non-collision (single vehicle),Ran off road - right,None Indicated,,Daylight,Dry,"Fog, smoke, smog",None apparent,Non-intersection:  Non-junction/no special feature,Paved,,Property Damage Only,0,0,0,0,0,0,2000,1,1,,POINT (-94.410008520404 40.610537935132)
2014833733,14-44295,12/15/2014,12-December,2-Monday,16:12,1600 Hours,District 5 (Southeast),BURLINGTON,DES MOINES,,DIVISION ST & 9TH ST,Collision with:  Vehicle in traffic,On Roadway,Broadside (front to side),FTYROW:  From stop sign,None Indicated,,Daylight,Wet,Rain,None apparent,Intersection:  Four-way intersection,Paved,,Property Damage Only,0,0,0,0,0,0,2500,2,3,,POINT (-91.110741671892 40.807568431154)
2014833645,140-14,12/15/2014,12-December,2-Monday,07:15,0700 Hours,District 4 (Southwest),,MADISON,,Co Rd G4R/CUMMING RD,Collision with:  Animal,,,Animal,None Indicated,,,,,,,Paved,,Property Damage Only,0,0,0,0,0,0,2000,1,1,,POINT (-93.912702128747 41.419768827971)
2014833756,14-051698,12/15/2014,12-December,2-Monday,16:43,1600 Hours,District 5 (Southeast),MUSCATINE,MUSCATINE,IA 22,IA 22/PARK AVE & CLAY ST & COLORADO ST,Collision with:  Vehicle in traffic,On Roadway,"Angle, oncoming left turn",FTYROW:  Making left turn,None Indicated,,Dark - roadway lighted,Wet,Rain,None apparent,Intersection:  Four-way intersection,Paved,,Property Damage Only,0,0,0,0,0,0,10000,2,2,,POINT (-91.030549151482 41.442188586479)
2014834081,14C05486,12/15/2014,12-December,2-Monday,16:44,1600 Hours,District 4 (Southwest),CRESTON,UNION,US 34,US 34/NEW YORK AVE,Collision with fixed object:  Curb/island/raised median,On Roadway,Non-collision (single vehicle),Unknown,None Indicated,,Daylight,Wet,Rain,None apparent,Non-intersection:  Non-junction/no special feature,Paved,,Possible/Unknown,0,1,0,0,1,0,10100,1,1,,POINT (-94.376185400498 41.047912049939)
2014834661,14005886,12/15/2014,12-December,2-Monday,15:46,1500 Hours,District 1 (Central),AMES,STORY,,ONTARIO ST,Collision with:  Vehicle in traffic,On Roadway,Broadside (front to side),FTYROW:  From driveway,None Indicated,,Daylight,Wet,Rain,None apparent,Non-intersection:  Driveway access (within),Paved,,Possible/Unknown,0,1,0,0,1,0,2000,2,3,,POINT (-93.67662164924 42.034561573365)
2014833940,2014013826,12/15/2014,12-December,2-Monday,17:36,1700 Hours,District 6 (East Central),IOWA CITY,JOHNSON,,MORMON TREK BLVD & MELROSE AVE,Collision with:  Vehicle in traffic,On Roadway,Broadside (front to side),FTYROW:  Making left turn,None Indicated,,Dark - roadway lighted,Wet,Cloudy,None apparent,Intersection:  Four-way intersection,Paved,,Minor Injury,0,4,0,1,3,0,15000,2,4,,POINT (-91.573898847626 41.656938952074)
2014834045,2014069479,12/15/2014,12-December,2-Monday,21:15,2100 Hours,District 3 (Northwest),,SAC,US 20,US 20,Non-collision events:  Jackknife,On Roadway,Non-collision (single vehicle),Ran off road - right,None Indicated,,Dark - roadway not lighted,Ice/frost,"Sleet, hail","Surface condition (e.g., wet, icy)",Non-intersection:  Non-junction/no special feature,Paved,,Property Damage Only,0,0,0,0,0,0,10000,1,1,,POINT (-94.906778545342 42.453210168596)
2014834193,2014069281,12/15/2014,12-December,2-Monday,06:00,0600 Hours,District 5 (Southeast),,WARREN,I-35,I-35,Collision with:  Animal,,,Animal,None Indicated,,,,,,,Paved,,Property Damage Only,0,0,0,0,0,0,3000,1,1,,POINT (-93.784065342925 41.172655387983)
2014833806,14-6391,12/15/2014,12-December,2-Monday,19:50,1900 Hours,District 6 (East Central),HIAWATHA,LINN,,BLAIRS FERRY RD NE,Collision with:  Vehicle in traffic,On Roadway,Rear-end (front to rear),Swerving/Evasive Action,None Indicated,,Dark - roadway lighted,Wet,Rain,"Surface condition (e.g., wet, icy)",Non-intersection:  Non-junction/no special feature,Paved,,Property Damage Only,0,0,0,0,0,0,5500,2,4,,POINT (-91.672071755417 42.034772925697)
2014833306,H14-121738,12/15/2014,12-December,2-Monday,02:02,0200 Hours,District 2 (Northeast),HUDSON,BLACK HAWK,IA 58,IA 58/HUDSON RD,Collision with:  Animal,,,Animal,None Indicated,,,,,,,Paved,,Property Damage Only,0,0,0,0,0,0,3000,1,1,,POINT (-92.465946083132 42.427302149272)
2014835328,2014069481,12/15/2014,12-December,2-Monday,21:50,2100 Hours,District 3 (Northwest),,IDA,US 20,US 20 & Co Rd M27/ORCHARD AVE,Non-collision events:  Jackknife,On Roadway,Non-collision (single vehicle),Ran off road - left,None Indicated,,Dark - roadway not lighted,Ice/frost,Cloudy,"Surface condition (e.g., wet, icy)",Non-intersection:  Non-junction/no special feature,Paved,,Possible/Unknown,0,1,0,0,1,0,20000,1,1,,POINT (-95.381023458195 42.474827754831)
2014835327,2014069424,12/15/2014,12-December,2-Monday,15:20,1500 Hours,District 1 (Central),DES MOINES,POLK,,E UNIVERSITY AVE & E 12TH ST,Collision with:  Vehicle in traffic,On Roadway,"Angle, oncoming left turn",FTYROW:  Making left turn,None Indicated,,Daylight,Wet,Rain,None apparent,Intersection:  Four-way intersection,Paved,,Property Damage Only,0,0,0,0,0,0,3500,2,4,,POINT (-93.60475954189 41.600379881925)
2014834314,14-038142,12/15/2014,12-December,2-Monday,20:33,2000 Hours,District 5 (Southeast),,LEE,,Co Rd X23/240 AVE,Collision with:  Animal,,,Animal,None Indicated,,,,,,,Paved,,Property Damage Only,0,0,0,0,0,0,3000,1,1,,POINT (-91.449071834262 40.790976341891)
2014833880,20140037040,12/15/2014,12-December,2-Monday,17:38,1700 Hours,District 1 (Central),DES MOINES,POLK,,MLK JR PKWY,Collision with:  Vehicle in traffic,On Roadway,Rear-end (front to rear),Driving too fast for conditions,None Indicated,,Dark - roadway lighted,Wet,Rain,None apparent,Non-intersection:  Non-junction/no special feature,Paved,,Property Damage Only,0,0,0,0,0,0,2750,2,4,,POINT (-93.644783348285 41.585138299676)
2014833906,14-1127,12/15/2014,12-December,2-Monday,17:15,1700 Hours,District 1 (Central),WINDSOR HEIGHTS,POLK,I-235,I-235 & IA 28/63RD ST,Collision with:  Vehicle in traffic,On Roadway,"Angle, oncoming left turn",Unknown,None Indicated,,Dark - roadway lighted,Wet,Rain,None apparent,Intersection:  Four-way intersection,Paved,,Property Damage Only,0,0,0,0,0,0,5000,2,2,,POINT (-93.703576448652 41.593584602384)
2014834300,121514-1,12/15/2014,12-December,2-Monday,17:45,1700 Hours,District 6 (East Central),WILLIAMSBURG,IOWA,IA 149,IA 149/HIGHLAND ST & HAWKEYE DR,Collision with:  Vehicle in traffic,Median,Rear-end (front to rear),Driving too fast for conditions,None Indicated,,Dark - roadway not lighted,Wet,Rain,"Surface condition (e.g., wet, icy)",Intersection:  T-intersection,Paved,,Possible/Unknown,0,1,0,0,1,0,4500,2,2,,POINT (-92.007741389066 41.681102898884)
2014833855,14-40849,12/15/2014,12-December,2-Monday,15:35,1500 Hours,District 3 (Northwest),SIOUX CITY,WOODBURY,,CHAMBERS ST & 6TH ST,Collision with:  Vehicle in traffic,On Roadway,Rear-end (front to rear),Followed too close,None Indicated,,Daylight,Wet,Rain,None apparent,Intersection:  Four-way intersection,Paved,,Property Damage Only,0,0,0,0,0,0,4500,2,2,,POINT (-96.385872497549 42.496486100151)
2014833873,S14-004959,12/15/2014,12-December,2-Monday,19:36,1900 Hours,District 4 (Southwest),,POTTAWATTAMIE,,408TH ST,Non-collision events:  Overturn/rollover,Shoulder,Non-collision (single vehicle),Swerving/Evasive Action,None Indicated,,Dark - roadway not lighted,"Mud, dirt",Severe winds,None apparent,Non-intersection:  Non-junction/no special feature,Unpaved,,Possible/Unknown,0,1,0,0,1,0,3000,1,1,,POINT (-95.408222666356 41.31293151988)
2014834105,,12/15/2014,12-December,2-Monday,17:45,1700 Hours,District 6 (East Central),CEDAR RAPIDS,LINN,,BLAIRS FERRY RD NE & C AVE NE,Collision with:  Vehicle in traffic,On Roadway,Rear-end (front to rear),Unknown,None Indicated,,Dark - roadway lighted,Wet,Rain,,Intersection:  Four-way intersection,Paved,,Property Damage Only,0,0,0,0,0,0,2000,2,3,,POINT (-91.638523454523 42.034749084538)
2014833788,S14-13142,12/15/2014,12-December,2-Monday,05:29,0500 Hours,District 3 (Northwest),,WOODBURY,,Co Rd D25/OLD HWY 141,Collision with:  Animal,On Roadway,Non-collision (single vehicle),Animal,None Indicated,,Dark - roadway not lighted,Wet,Rain,None apparent,Non-intersection:  Non-junction/no special feature,Paved,,Possible/Unknown,0,1,0,0,1,0,2000,1,1,,POINT (-96.068686359381 42.269211696431)
2014833761,201418660,12/15/2014,12-December,2-Monday,12:43,1200 Hours,District 6 (East Central),CEDAR RAPIDS,LINN,,6TH ST SW & WRIGHT BROTHERS BLVD SW,Collision with:  Vehicle in traffic,On Roadway,"Angle, oncoming left turn",FTYROW:  Making left turn,None Indicated,,Daylight,Wet,Rain,None apparent,Non-intersection:  Driveway access (within),Paved,,Possible/Unknown,0,1,0,0,1,0,12000,2,3,,POINT (-91.676024598732 41.890706114403)
2014833817,20140037043,12/15/2014,12-December,2-Monday,17:17,1700 Hours,District 1 (Central),DES MOINES,POLK,,6TH AVE,Collision with:  Vehicle in traffic,On Roadway,Rear-end (front to rear),Driving too fast for conditions,None Indicated,,Dark - roadway lighted,Wet,Rain,"Surface condition (e.g., wet, icy)",Non-intersection:  Non-junction/no special feature,Paved,,Possible/Unknown,0,2,0,0,2,0,3500,3,3,,POINT (-93.625652181992 41.594260253532)
2014833878,20140037030,12/15/2014,12-December,2-Monday,16:27,1600 Hours,District 1 (Central),DES MOINES,POLK,,WATROUS AVE & E WATROUS AVE & S UNION ST,Collision with:  Vehicle in traffic,On Roadway,Broadside (front to side),Unknown,None Indicated,,Daylight,Dry,Rain,"Surface condition (e.g., wet, icy)",Non-intersection:  Non-junction/no special feature,Paved,,Property Damage Only,0,0,0,0,0,0,4000,2,3,,POINT (-93.616130836629 41.548149369855)
2014834283,14-001501,12/15/2014,12-December,2-Monday,15:40,1500 Hours,District 1 (Central),JOHNSTON,POLK,,NW 62ND AVE,Collision with:  Vehicle in traffic,On Roadway,Broadside (front to side),Unknown,None Indicated,,Dusk,Wet,Rain,None apparent,Non-intersection:  Other non-intersection (explain in narrative),Paved,,Possible/Unknown,0,1,0,0,1,0,4000,2,2,,POINT (-93.743147309277 41.672985893665)
2014833820,2014013834,12/15/2014,12-December,2-Monday,21:08,2100 Hours,District 6 (East Central),IOWA CITY,JOHNSON,,KIMBALL RD & N DUBUQUE ST,Collision with:  Vehicle in traffic,On Roadway,Rear-end (front to rear),Followed too close,None Indicated,,Dark - roadway lighted,Wet,Rain,"Surface condition (e.g., wet, icy)",Intersection:  T-intersection,Paved,,Property Damage Only,0,0,0,0,0,0,4000,2,2,,POINT (-91.532652982641 41.67296528454)
2014833829,14-6361,12/15/2014,12-December,2-Monday,16:31,1600 Hours,District 1 (Central),WEST DES MOINES,POLK,,35TH ST/VALLEY WEST DR,Collision with:  Vehicle in traffic,Shoulder,Broadside (front to side),FTYROW:  Making left turn,None Indicated,,Dark - roadway lighted,Wet,Rain,None apparent,Intersection:  Four-way intersection,Paved,,Property Damage Only,0,0,0,0,0,0,1500,2,2,,POINT (-93.751932242248 41.59888999656)
2014834374,2014-85520,12/15/2014,12-December,2-Monday,14:40,1400 Hours,District 6 (East Central),DAVENPORT,SCOTT,,IA 461/BRADY ST & W LOCUST ST & E LOCUST ST,Collision with:  Vehicle in traffic,On Roadway,Rear-end (front to rear),Lost Control,None Indicated,,Daylight,Wet,Rain,None apparent,Intersection:  Four-way intersection,Paved,,Property Damage Only,0,0,0,0,0,0,10000,3,4,,POINT (-90.574008929164 41.538298427971)
2014834365,14-44294,12/15/2014,12-December,2-Monday,16:01,1600 Hours,District 5 (Southeast),WEST BURLINGTON,DES MOINES,,W AGENCY RD & S BROADWAY ST,Collision with:  Vehicle in traffic,On Roadway,Rear-end (front to rear),Driving too fast for conditions,None Indicated,,Daylight,Wet,Clear,None apparent,Intersection:  Four-way intersection,Paved,,Property Damage Only,0,0,0,0,0,0,3000,2,2,,POINT (-91.156804985072 40.813331098967)
2014833553,CL14004355,12/15/2014,12-December,2-Monday,10:01,1000 Hours,District 6 (East Central),CLINTON,CLINTON,US 67,US 67/7TH AVE S,Collision with:  Vehicle in traffic,On Roadway,Rear-end (front to rear),Other (explain in narrative):  Other,None Indicated,,Daylight,Wet,Rain,None apparent,Non-intersection:  Non-junction/no special feature,Paved,,Property Damage Only,0,0,0,0,0,0,2600,2,2,,POINT (-90.190153548534 41.838978689354)
2014835770,1408327,12/15/2014,12-December,2-Monday,10:09,1000 Hours,District 2 (Northeast),OELWEIN,FAYETTE,,CHARLES ST W,Collision with fixed object:  Other fixed object (explain in narrative),On Roadway,Non-collision (single vehicle),Unknown,None Indicated,,Daylight,Wet,Rain,None apparent,Non-intersection:  Crossover-related,Paved,,Property Damage Only,0,0,0,0,0,0,1900,1,1,,POINT (-91.918061700281 42.678381348919)
2014833809,2014-014402,12/15/2014,12-December,2-Monday,23:55,2300 Hours,District 6 (East Central),DYERSVILLE,DUBUQUE,US 20,US 20 & SAND STONE DR,Collision with:  Animal,,,Animal,None Indicated,,,,,,,Paved,,Property Damage Only,0,0,0,0,0,0,4000,1,1,,POINT (-91.097535487584 42.469374692845)
2014833295,20140036995,12/15/2014,12-December,2-Monday,10:00,1000 Hours,District 1 (Central),DES MOINES,POLK,,E UNIVERSITY AVE,Collision with:  Vehicle in traffic,On Roadway,Rear-end (front to rear),Lost Control,None Indicated,,Daylight,Wet,Cloudy,None apparent,Non-intersection:  Non-junction/no special feature,Paved,,Property Damage Only,0,0,0,0,0,0,3300,2,4,,POINT (-93.609271517928 41.600383080803)
2014834678,2014-85573,12/15/2014,12-December,2-Monday,18:49,1800 Hours,District 6 (East Central),DAVENPORT,SCOTT,,IA 461/BRADY ST,Collision with:  Vehicle in traffic,On Roadway,Rear-end (front to rear),Followed too close,None Indicated,,Dark - roadway lighted,Wet,Cloudy,None apparent,Non-intersection:  Non-junction/no special feature,Paved,,Property Damage Only,0,0,0,0,0,0,2000,2,2,,POINT (-90.574045889269 41.533462766185)
2014833957,14-12581,12/15/2014,12-December,2-Monday,20:37,2000 Hours,District 3 (Northwest),CARROLL,CARROLL,,18TH ST & HIGH RIDGE RD,Collision with fixed object:  Ditch,On Roadway,Non-collision (single vehicle),Ran off road - right,None Indicated,,Dark - roadway lighted,Wet,Rain,None apparent,Non-intersection:  Non-junction/no special feature,Paved,,Possible/Unknown,0,1,0,0,1,0,4500,1,1,,POINT (-94.853241560422 42.078520065481)
2014834390,C14003963,12/15/2014,12-December,2-Monday,07:05,0700 Hours,District 6 (East Central),CORALVILLE,JOHNSON,US 6,US 6/2ND ST,Collision with:  Vehicle in traffic,On Roadway,Broadside (front to side),Made improper turn,None Indicated,,Daylight,Wet,Rain,None apparent,Non-intersection:  Driveway access (within),Paved,,Property Damage Only,0,0,0,0,0,0,2200,2,2,,POINT (-91.570929908493 41.670628534891)
2014833870,14021674,12/15/2014,12-December,2-Monday,20:15,2000 Hours,District 2 (Northeast),MASON CITY,CERRO GORDO,IA 122,IA 122/4TH ST SW & VILLAGE GREEN DR & N ROOSEVELT AVE,Collision with:  Vehicle in traffic,On Roadway,Broadside (front to side),Ran Traffic Signal,None Indicated,,Dark - roadway lighted,Wet,Rain,None apparent,Intersection:  Four-way intersection,Paved,,Property Damage Only,0,0,0,0,0,0,2000,2,4,,POINT (-93.250381115153 43.148318952597)
2014834255,891408130,12/15/2014,12-December,2-Monday,16:51,1600 Hours,District 5 (Southeast),,VAN BUREN,IA 1,IA 1/IOWA 1,Collision with:  Animal,,,Animal,None Indicated,,,,,,,Paved,,Property Damage Only,0,0,0,0,0,0,10000,1,1,,POINT (-91.948518936349 40.685445437072)
2014833762,201418672,12/15/2014,12-December,2-Monday,15:51,1500 Hours,District 6 (East Central),CEDAR RAPIDS,LINN,,2ND AVE SW & 5TH ST SW,Collision with:  Vehicle in traffic,On Roadway,"Sideswipe, same direction",Made improper turn,None Indicated,,Daylight,Wet,Rain,None apparent,Intersection:  Four-way intersection,Paved,,Property Damage Only,0,0,0,0,0,0,1500,2,3,,POINT (-91.677588253994 41.973773193799)
2014833774,N14000689,12/15/2014,12-December,2-Monday,08:23,0800 Hours,District 6 (East Central),NORTH LIBERTY,JOHNSON,,Co Rd W66/S DUBUQUE ST,Collision with:  Vehicle in traffic,On Roadway,Rear-end (front to rear),Swerving/Evasive Action,None Indicated,,Daylight,Wet,Rain,"Surface condition (e.g., wet, icy)",Non-intersection:  Driveway access (within),Paved,,Property Damage Only,0,0,0,0,0,0,2000,2,2,,POINT (-91.589630412018 41.742247558673)
2014840013,14-002314,12/15/2014,12-December,2-Monday,07:20,0700 Hours,District 5 (Southeast),SIGOURNEY,KEOKUK,,E PLEASANT VALLEY ST & S WARREN ST,Collision with fixed object:  Other fixed object (explain in narrative),Roadside,Non-collision (single vehicle),Equipment failure,None Indicated,,Daylight,Wet,Cloudy,None apparent,Intersection:  T-intersection,Paved,,Major Injury,0,1,1,0,0,0,11100,1,1,,POINT (-92.200140528515 41.330055924987)
2014835296,14234,12/15/2014,12-December,2-Monday,18:01,1800 Hours,District 5 (Southeast),PELLA,MARION,,WASHINGTON ST,Collision with:  Vehicle in traffic,On Roadway,Broadside (front to side),FTYROW:  From driveway,None Indicated,,Dark - roadway not lighted,Wet,Rain,None apparent,Non-intersection:  Driveway access (within),Paved,,Property Damage Only,0,0,0,0,0,0,3000,2,2,,POINT (-92.942686275027 41.412439606841)
2014833760,201418639,12/15/2014,12-December,2-Monday,07:00,0700 Hours,District 6 (East Central),CEDAR RAPIDS,LINN,I-380,I-380,Collision with fixed object:  Guardrail - face,Median,Non-collision (single vehicle),Other (explain in narrative):  No improper action,None Indicated,,Dark - roadway lighted,Wet,Rain,None apparent,Non-intersection:  Non-junction/no special feature,Paved,,Property Damage Only,0,0,0,0,0,0,5000,1,1,,POINT (-91.670207321898 42.023952704129)
2014833551,C14003966,12/15/2014,12-December,2-Monday,14:20,1400 Hours,District 6 (East Central),CORALVILLE,JOHNSON,,CORAL RIDGE AVE,Collision with:  Vehicle in traffic,On Roadway,Rear-end (front to rear),Other (explain in narrative):  Other,None Indicated,,Daylight,Wet,Rain,None apparent,Non-intersection:  Non-junction/no special feature,Paved,,Property Damage Only,0,0,0,0,0,0,13000,2,3,,POINT (-91.608389419517 41.699414822168)
2014833885,20140037056,12/15/2014,12-December,2-Monday,18:35,1800 Hours,District 1 (Central),DES MOINES,POLK,US 69,US 69/E 14TH ST & BOYD ST,Collision with:  Vehicle in traffic,On Roadway,Broadside (front to side),"Operating vehicle in an reckless, erratic, careless, negligent manner",None Indicated,,Dark - roadway lighted,Wet,Rain,None apparent,Intersection:  T-intersection,Paved,,Property Damage Only,0,0,0,0,0,0,11500,2,2,,POINT (-93.600574424538 41.62138864492)
2014833831,14-6366,12/15/2014,12-December,2-Monday,19:15,1900 Hours,District 1 (Central),WEST DES MOINES,POLK,IA 5,IA 5/IOWA 5,Collision with:  Animal,On Roadway,Non-collision (single vehicle),Animal,None Indicated,,Dark - roadway not lighted,Wet,Rain,None apparent,Non-intersection:  Non-junction/no special feature,Paved,,Property Damage Only,0,0,0,0,0,0,10000,1,1,,POINT (-93.731913535064 41.522061075499)
2014833854,14-40829,12/15/2014,12-December,2-Monday,12:06,1200 Hours,District 3 (Northwest),SIOUX CITY,WOODBURY,,TRI-VIEW AVE & HAMILTON BLVD,Collision with:  Vehicle in traffic,On Roadway,Rear-end (front to rear),Unknown,None Indicated,,Daylight,Wet,Rain,None apparent,Non-intersection:  Non-junction/no special feature,Paved,,Property Damage Only,0,0,0,0,0,0,5801,2,2,,POINT (-96.424223681915 42.494444901847)
2014833726,20140037104,12/15/2014,12-December,2-Monday,16:30,1600 Hours,District 1 (Central),DES MOINES,POLK,US 6,US 6/E EUCLID AVE,Collision with:  Non-motorist (see non-motorist section - NOT a unit),On Roadway,Non-collision (single vehicle),Unknown,None Indicated,,Dusk,Wet,Cloudy,Unknown,Non-intersection:  Non-junction/no special feature,Paved,,Minor Injury,0,1,0,1,0,0,0,1,1,,POINT (-93.619096512362 41.627694501684)
2014834315,14-038150,12/15/2014,12-December,2-Monday,21:19,2100 Hours,District 5 (Southeast),,LEE,,Co Rd J56/200 ST,Collision with fixed object:  Utility pole/light support,Outside trafficway,Non-collision (single vehicle),Swerving/Evasive Action,None Indicated,,Dark - roadway not lighted,Wet,Rain,"Shoulders (none, low, soft, high)",Non-intersection:  Non-junction/no special feature,Paved,,Property Damage Only,0,0,0,0,0,0,3000,1,1,,POINT (-91.534939170897 40.668055570927)
2014836153,,12/15/2014,12-December,2-Monday,15:32,1500 Hours,District 1 (Central),MONROE,JASPER,IA 14,IA 14/N MONROE ST & E FRANKLIN ST,Collision with:  Vehicle in traffic,On Roadway,Broadside (front to side),Crossed centerline (undivided),None Indicated,,Daylight,Wet,Cloudy,None apparent,Intersection:  Four-way intersection,Paved,,Property Damage Only,0,0,0,0,0,0,7500,2,3,,POINT (-93.101783802098 41.524164943769)
2014834526,14-010550,12/15/2014,12-December,2-Monday,21:16,2100 Hours,District 2 (Northeast),,CLAYTON,,Co Rd X56/GREAT RIVER RD,Collision with:  Animal,,,Animal,None Indicated,,,,,,,Paved,,Property Damage Only,0,0,0,0,0,0,4000,1,1,,POINT (-91.177089577478 42.912067023067)
2014833899,C14003970,12/15/2014,12-December,2-Monday,18:32,1800 Hours,District 6 (East Central),CORALVILLE,JOHNSON,US 6,US 6/2ND ST & 4TH AVE,Collision with:  Vehicle in traffic,On Roadway,"Angle, oncoming left turn",Improper Backing,None Indicated,,Dark - roadway lighted,Wet,Rain,None apparent,Intersection:  Other intersection (explain in narrative),Paved,,Property Damage Only,0,0,0,0,0,0,2500,2,4,,POINT (-91.572075630025 41.670967024513)